order_id,customer_id,order_date,status,shipping_city,channel,order_total,source_system,created_at,updated_at
ORD005001,CUS000834,2026-07-01T18:57:00+07:00,completed,Bac Ninh,mobile_app,19156500.00,ecommerce_api,2026-07-01T18:57:00+07:00,2026-07-01T20:41:00+07:00
ORD005002,CUS000635,2026-07-01T20:47:00+07:00,pending,Vinh,web,7092000.00,ecommerce_api,2026-07-01T20:47:00+07:00,2026-07-01T21:22:00+07:00
ORD005003,CUS000217,2026-07-01T14:44:00+07:00,completed,Quang Ninh,social,14082500.00,ecommerce_api,2026-07-01T14:44:00+07:00,2026-07-01T16:26:00+07:00
ORD005004,CUS000948,2026-07-01T18:51:00+07:00,confirmed,Hai Phong,social,21671000.00,ecommerce_api,2026-07-01T18:51:00+07:00,2026-07-01T20:12:00+07:00
ORD005005,CUS000522,2026-07-01T08:59:00+07:00,completed,Hue,mobile_app,13172000.00,ecommerce_api,2026-07-01T08:59:00+07:00,2026-07-01T11:10:00+07:00
ORD005006,CUS000313,2026-07-01T15:05:00+07:00,completed,Can Tho,web,15050000.00,ecommerce_api,2026-07-01T15:05:00+07:00,2026-07-01T15:51:00+07:00
ORD005007,CUS000058,2026-07-01T08:20:00+07:00,shipped,Ho Chi Minh City,social,17774000.00,ecommerce_api,2026-07-01T08:20:00+07:00,2026-07-01T09:16:00+07:00
ORD005008,CUS000532,2026-07-01T17:39:00+07:00,completed,Vinh,social,14760000.00,ecommerce_api,2026-07-01T17:39:00+07:00,2026-07-01T17:52:00+07:00
ORD005009,CUS000461,2026-07-01T12:32:00+07:00,completed,Da Nang,mobile_app,5010000.00,ecommerce_api,2026-07-01T12:32:00+07:00,2026-07-01T15:14:00+07:00
ORD005010,CUS000427,2026-07-01T08:44:00+07:00,confirmed,Da Nang,social,722000.00,ecommerce_api,2026-07-01T08:44:00+07:00,2026-07-01T10:30:00+07:00
ORD005011,CUS000013,2026-07-01T12:38:00+07:00,completed,Da Nang,social,3730000.00,ecommerce_api,2026-07-01T12:38:00+07:00,2026-07-01T13:53:00+07:00
ORD005012,CUS000653,2026-07-01T22:43:00+07:00,completed,Can Tho,social,17515000.00,ecommerce_api,2026-07-01T22:43:00+07:00,2026-07-01T22:58:00+07:00
ORD005013,CUS001027,2026-07-01T10:25:00+07:00,completed,Can Tho,social,7036500.00,ecommerce_api,2026-07-01T10:25:00+07:00,2026-07-01T11:31:00+07:00
ORD005014,CUS001037,2026-07-01T18:50:00+07:00,completed,Nha Trang,social,7155000.00,ecommerce_api,2026-07-01T18:50:00+07:00,2026-07-01T20:30:00+07:00
ORD005015,CUS000442,2026-07-01T18:22:00+07:00,completed,Ho Chi Minh City,web,7137000.00,ecommerce_api,2026-07-01T18:22:00+07:00,2026-07-01T21:03:00+07:00
ORD005016,CUS000029,2026-07-01T15:45:00+07:00,shipped,Nha Trang,social,8892500.00,ecommerce_api,2026-07-01T15:45:00+07:00,2026-07-01T18:45:00+07:00
ORD005017,CUS000589,2026-07-01T19:55:00+07:00,completed,Ho Chi Minh City,web,1662500.00,ecommerce_api,2026-07-01T19:55:00+07:00,2026-07-01T22:11:00+07:00
ORD005018,CUS000866,2026-07-01T15:07:00+07:00,completed,Can Tho,web,5610000.00,ecommerce_api,2026-07-01T15:07:00+07:00,2026-07-01T17:02:00+07:00
ORD005019,CUS000753,2026-07-01T20:49:00+07:00,cancelled,Nha Trang,web,7682500.00,ecommerce_api,2026-07-01T20:49:00+07:00,2026-07-01T22:35:00+07:00
ORD005020,CUS000426,2026-07-01T19:33:00+07:00,completed,Hanoi,social,25895000.00,ecommerce_api,2026-07-01T19:33:00+07:00,2026-07-01T20:32:00+07:00
ORD005021,CUS000173,2026-07-01T22:28:00+07:00,confirmed,Bac Ninh,mobile_app,7794000.00,ecommerce_api,2026-07-01T22:28:00+07:00,2026-07-02T00:05:00+07:00
ORD005022,CUS000460,2026-07-01T11:28:00+07:00,completed,Nha Trang,mobile_app,2510000.00,ecommerce_api,2026-07-01T11:28:00+07:00,2026-07-01T12:02:00+07:00
ORD005023,CUS000586,2026-07-01T08:47:00+07:00,confirmed,Quang Ninh,web,8565500.00,ecommerce_api,2026-07-01T08:47:00+07:00,2026-07-01T10:28:00+07:00
ORD005024,CUS000462,2026-07-01T22:23:00+07:00,shipped,Bac Ninh,web,3308000.00,ecommerce_api,2026-07-01T22:23:00+07:00,2026-07-02T00:24:00+07:00
ORD005025,CUS000516,2026-07-01T08:21:00+07:00,shipped,Hue,mobile_app,18185000.00,ecommerce_api,2026-07-01T08:21:00+07:00,2026-07-01T08:57:00+07:00
ORD005026,CUS000407,2026-07-01T14:29:00+07:00,shipped,Da Nang,mobile_app,19192000.00,ecommerce_api,2026-07-01T14:29:00+07:00,2026-07-01T14:49:00+07:00
ORD005027,CUS000444,2026-07-01T19:27:00+07:00,cancelled,Ho Chi Minh City,mobile_app,12221000.00,ecommerce_api,2026-07-01T19:27:00+07:00,2026-07-01T22:10:00+07:00
ORD005028,CUS000381,2026-07-01T18:51:00+07:00,completed,Quang Ninh,social,18062500.00,ecommerce_api,2026-07-01T18:51:00+07:00,2026-07-01T19:16:00+07:00
ORD005029,CUS000900,2026-07-01T08:15:00+07:00,completed,Quang Ninh,social,25923000.00,ecommerce_api,2026-07-01T08:15:00+07:00,2026-07-01T09:31:00+07:00
ORD005030,CUS000302,2026-07-01T17:21:00+07:00,completed,Hanoi,web,14668000.00,ecommerce_api,2026-07-01T17:21:00+07:00,2026-07-01T17:47:00+07:00
ORD005031,CUS000951,2026-07-01T16:57:00+07:00,completed,Quang Ninh,social,3222000.00,ecommerce_api,2026-07-01T16:57:00+07:00,2026-07-01T17:49:00+07:00
ORD005032,CUS000731,2026-07-01T13:40:00+07:00,shipped,Can Tho,web,13233500.00,ecommerce_api,2026-07-01T13:40:00+07:00,2026-07-01T14:43:00+07:00
ORD005033,CUS000961,2026-07-01T09:27:00+07:00,completed,Vinh,social,3222000.00,ecommerce_api,2026-07-01T09:27:00+07:00,2026-07-01T09:29:00+07:00
ORD005034,CUS000364,2026-07-01T17:12:00+07:00,completed,Ho Chi Minh City,mobile_app,1180000.00,ecommerce_api,2026-07-01T17:12:00+07:00,2026-07-01T18:01:00+07:00
ORD005035,CUS000274,2026-07-01T17:45:00+07:00,pending,Ho Chi Minh City,mobile_app,8451000.00,ecommerce_api,2026-07-01T17:45:00+07:00,2026-07-01T18:26:00+07:00
ORD005036,CUS000267,2026-07-01T18:41:00+07:00,completed,Quang Ninh,web,17739500.00,ecommerce_api,2026-07-01T18:41:00+07:00,2026-07-01T20:51:00+07:00
ORD005037,CUS000103,2026-07-01T09:39:00+07:00,completed,Ho Chi Minh City,social,27325000.00,ecommerce_api,2026-07-01T09:39:00+07:00,2026-07-01T11:34:00+07:00
ORD005038,CUS000661,2026-07-01T22:11:00+07:00,completed,Hanoi,social,9950000.00,ecommerce_api,2026-07-01T22:11:00+07:00,2026-07-02T00:27:00+07:00
ORD005039,CUS000975,2026-07-01T21:26:00+07:00,completed,Can Tho,social,10378000.00,ecommerce_api,2026-07-01T21:26:00+07:00,2026-07-01T21:28:00+07:00
ORD005040,CUS000948,2026-07-01T08:15:00+07:00,shipped,Hai Phong,web,10010000.00,ecommerce_api,2026-07-01T08:15:00+07:00,2026-07-01T08:41:00+07:00
ORD005041,CUS000354,2026-07-01T16:32:00+07:00,completed,Hai Phong,social,15350000.00,ecommerce_api,2026-07-01T16:32:00+07:00,2026-07-01T17:32:00+07:00
ORD005042,CUS000831,2026-07-01T19:54:00+07:00,confirmed,Quang Ninh,mobile_app,7770000.00,ecommerce_api,2026-07-01T19:54:00+07:00,2026-07-01T21:31:00+07:00
ORD005043,CUS000645,2026-07-01T12:02:00+07:00,completed,Nha Trang,web,13820000.00,ecommerce_api,2026-07-01T12:02:00+07:00,2026-07-01T12:52:00+07:00
ORD005044,CUS000124,2026-07-01T20:47:00+07:00,shipped,Hue,mobile_app,7831000.00,ecommerce_api,2026-07-01T20:47:00+07:00,2026-07-01T20:59:00+07:00
ORD005045,CUS000846,2026-07-01T11:58:00+07:00,completed,Hai Phong,web,32749000.00,ecommerce_api,2026-07-01T11:58:00+07:00,2026-07-01T13:06:00+07:00
ORD005046,CUS000793,2026-07-01T20:24:00+07:00,shipped,Hai Phong,social,4550500.00,ecommerce_api,2026-07-01T20:24:00+07:00,2026-07-01T20:34:00+07:00
ORD005047,CUS001008,2026-07-01T17:28:00+07:00,shipped,Bac Ninh,social,10290000.00,ecommerce_api,2026-07-01T17:28:00+07:00,2026-07-01T20:05:00+07:00
ORD005048,CUS000544,2026-07-01T12:19:00+07:00,confirmed,Nha Trang,mobile_app,13246500.00,ecommerce_api,2026-07-01T12:19:00+07:00,2026-07-01T12:30:00+07:00
ORD005049,CUS000400,2026-07-01T10:40:00+07:00,completed,Hue,web,19360000.00,ecommerce_api,2026-07-01T10:40:00+07:00,2026-07-01T13:27:00+07:00
ORD005050,CUS000169,2026-07-01T09:11:00+07:00,completed,Hue,mobile_app,11304500.00,ecommerce_api,2026-07-01T09:11:00+07:00,2026-07-01T10:28:00+07:00
ORD005051,CUS000013,2026-07-01T12:40:00+07:00,confirmed,Hanoi,mobile_app,12833000.00,ecommerce_api,2026-07-01T12:40:00+07:00,2026-07-01T14:11:00+07:00
ORD005052,CUS000138,2026-07-01T13:03:00+07:00,completed,Da Nang,mobile_app,9059500.00,ecommerce_api,2026-07-01T13:03:00+07:00,2026-07-01T13:31:00+07:00
ORD005053,CUS000263,2026-07-01T15:10:00+07:00,completed,Da Nang,social,26400000.00,ecommerce_api,2026-07-01T15:10:00+07:00,2026-07-01T16:47:00+07:00
ORD005054,CUS000063,2026-07-01T08:17:00+07:00,confirmed,Can Tho,web,18483500.00,ecommerce_api,2026-07-01T08:17:00+07:00,2026-07-01T10:21:00+07:00
ORD005055,CUS000779,2026-07-01T19:00:00+07:00,pending,Can Tho,web,21230000.00,ecommerce_api,2026-07-01T19:00:00+07:00,2026-07-01T21:56:00+07:00
ORD005056,CUS000368,2026-07-01T20:08:00+07:00,confirmed,Bac Ninh,web,9252000.00,ecommerce_api,2026-07-01T20:08:00+07:00,2026-07-01T21:57:00+07:00
ORD005057,CUS000523,2026-07-01T08:10:00+07:00,confirmed,Vinh,mobile_app,20873000.00,ecommerce_api,2026-07-01T08:10:00+07:00,2026-07-01T08:21:00+07:00
ORD005058,CUS000292,2026-07-01T09:02:00+07:00,completed,Nha Trang,social,5679000.00,ecommerce_api,2026-07-01T09:02:00+07:00,2026-07-01T09:06:00+07:00
ORD005059,CUS000411,2026-07-01T12:16:00+07:00,completed,Hanoi,mobile_app,13628000.00,ecommerce_api,2026-07-01T12:16:00+07:00,2026-07-01T15:12:00+07:00
ORD005060,CUS000174,2026-07-01T22:10:00+07:00,completed,Nha Trang,social,14384500.00,ecommerce_api,2026-07-01T22:10:00+07:00,2026-07-02T00:23:00+07:00
ORD005061,CUS000790,2026-07-01T21:44:00+07:00,completed,Vinh,web,26010000.00,ecommerce_api,2026-07-01T21:44:00+07:00,2026-07-02T00:39:00+07:00
ORD005062,CUS000881,2026-07-01T18:19:00+07:00,cancelled,Hanoi,web,5323500.00,ecommerce_api,2026-07-01T18:19:00+07:00,2026-07-01T21:12:00+07:00
ORD005063,CUS000266,2026-07-01T16:51:00+07:00,completed,Bac Ninh,web,20120000.00,ecommerce_api,2026-07-01T16:51:00+07:00,2026-07-01T19:14:00+07:00
ORD005064,CUS000583,2026-07-01T12:14:00+07:00,pending,Da Nang,web,18933000.00,ecommerce_api,2026-07-01T12:14:00+07:00,2026-07-01T14:08:00+07:00
ORD005065,CUS000572,2026-07-01T16:19:00+07:00,completed,Da Nang,social,8716500.00,ecommerce_api,2026-07-01T16:19:00+07:00,2026-07-01T17:15:00+07:00
ORD005066,CUS000491,2026-07-01T19:06:00+07:00,completed,Ho Chi Minh City,social,21274500.00,ecommerce_api,2026-07-01T19:06:00+07:00,2026-07-01T21:18:00+07:00
ORD005067,CUS000043,2026-07-01T11:41:00+07:00,pending,Hai Phong,social,7724000.00,ecommerce_api,2026-07-01T11:41:00+07:00,2026-07-01T13:42:00+07:00
ORD005068,CUS000021,2026-07-01T21:27:00+07:00,cancelled,Quang Ninh,social,22080000.00,ecommerce_api,2026-07-01T21:27:00+07:00,2026-07-01T23:58:00+07:00
ORD005069,CUS000303,2026-07-01T08:55:00+07:00,completed,Hue,web,18385000.00,ecommerce_api,2026-07-01T08:55:00+07:00,2026-07-01T10:25:00+07:00
ORD005070,CUS000284,2026-07-01T18:31:00+07:00,confirmed,Hue,web,23190000.00,ecommerce_api,2026-07-01T18:31:00+07:00,2026-07-01T19:08:00+07:00
ORD005071,CUS000561,2026-07-01T13:07:00+07:00,cancelled,Hue,web,10674000.00,ecommerce_api,2026-07-01T13:07:00+07:00,2026-07-01T14:48:00+07:00
ORD005072,CUS000679,2026-07-01T12:43:00+07:00,completed,Vinh,social,11666000.00,ecommerce_api,2026-07-01T12:43:00+07:00,2026-07-01T13:51:00+07:00
ORD005073,CUS000066,2026-07-01T14:08:00+07:00,completed,Hue,mobile_app,26507000.00,ecommerce_api,2026-07-01T14:08:00+07:00,2026-07-01T16:12:00+07:00
ORD005074,CUS000498,2026-07-01T17:18:00+07:00,completed,Da Nang,mobile_app,6280000.00,ecommerce_api,2026-07-01T17:18:00+07:00,2026-07-01T17:20:00+07:00
ORD005075,CUS000349,2026-07-01T22:08:00+07:00,pending,Can Tho,web,13750000.00,ecommerce_api,2026-07-01T22:08:00+07:00,2026-07-01T23:02:00+07:00
ORD005076,CUS000146,2026-07-01T14:04:00+07:00,completed,Hue,social,12130000.00,ecommerce_api,2026-07-01T14:04:00+07:00,2026-07-01T15:24:00+07:00
ORD005077,CUS000433,2026-07-01T09:46:00+07:00,completed,Da Nang,mobile_app,9684000.00,ecommerce_api,2026-07-01T09:46:00+07:00,2026-07-01T12:24:00+07:00
ORD005078,CUS000709,2026-07-01T21:06:00+07:00,completed,Vinh,web,17685000.00,ecommerce_api,2026-07-01T21:06:00+07:00,2026-07-01T22:27:00+07:00
ORD005079,CUS000908,2026-07-01T14:11:00+07:00,shipped,Vinh,mobile_app,3190000.00,ecommerce_api,2026-07-01T14:11:00+07:00,2026-07-01T16:29:00+07:00
ORD005080,CUS000590,2026-07-01T12:34:00+07:00,pending,Hai Phong,mobile_app,10975000.00,ecommerce_api,2026-07-01T12:34:00+07:00,2026-07-01T14:40:00+07:00
ORD005081,CUS000789,2026-07-01T12:56:00+07:00,completed,Nha Trang,web,22855000.00,ecommerce_api,2026-07-01T12:56:00+07:00,2026-07-01T13:05:00+07:00
ORD005082,CUS000437,2026-07-01T22:19:00+07:00,shipped,Can Tho,social,11169000.00,ecommerce_api,2026-07-01T22:19:00+07:00,2026-07-01T23:56:00+07:00
ORD005083,CUS001018,2026-07-01T15:16:00+07:00,completed,Da Nang,web,22788000.00,ecommerce_api,2026-07-01T15:16:00+07:00,2026-07-01T17:33:00+07:00
ORD005084,CUS000617,2026-07-01T08:44:00+07:00,completed,Vinh,mobile_app,6642000.00,ecommerce_api,2026-07-01T08:44:00+07:00,2026-07-01T10:26:00+07:00
ORD005085,CUS000318,2026-07-01T12:58:00+07:00,completed,Hai Phong,web,10970000.00,ecommerce_api,2026-07-01T12:58:00+07:00,2026-07-01T14:55:00+07:00
ORD005086,CUS000669,2026-07-01T20:56:00+07:00,completed,Vinh,web,5190000.00,ecommerce_api,2026-07-01T20:56:00+07:00,2026-07-01T21:17:00+07:00
ORD005087,CUS000609,2026-07-01T18:33:00+07:00,completed,Hue,web,10113000.00,ecommerce_api,2026-07-01T18:33:00+07:00,2026-07-01T18:36:00+07:00
ORD005088,CUS000296,2026-07-01T22:59:00+07:00,cancelled,Can Tho,mobile_app,9462000.00,ecommerce_api,2026-07-01T22:59:00+07:00,2026-07-01T23:00:00+07:00
ORD005089,CUS000941,2026-07-01T19:04:00+07:00,confirmed,Nha Trang,mobile_app,6980000.00,ecommerce_api,2026-07-01T19:04:00+07:00,2026-07-01T20:39:00+07:00
ORD005090,CUS000730,2026-07-01T09:26:00+07:00,completed,Quang Ninh,mobile_app,9813500.00,ecommerce_api,2026-07-01T09:26:00+07:00,2026-07-01T11:16:00+07:00
ORD005091,CUS000668,2026-07-01T21:21:00+07:00,completed,Hai Phong,mobile_app,5782000.00,ecommerce_api,2026-07-01T21:21:00+07:00,2026-07-02T00:03:00+07:00
ORD005092,CUS000353,2026-07-01T10:56:00+07:00,confirmed,Hanoi,mobile_app,18936000.00,ecommerce_api,2026-07-01T10:56:00+07:00,2026-07-01T12:09:00+07:00
ORD005093,CUS001040,2026-07-01T09:41:00+07:00,pending,Hue,social,13120000.00,ecommerce_api,2026-07-01T09:41:00+07:00,2026-07-01T10:03:00+07:00
ORD005094,CUS000302,2026-07-01T20:39:00+07:00,confirmed,Hai Phong,social,13490000.00,ecommerce_api,2026-07-01T20:39:00+07:00,2026-07-01T21:05:00+07:00
ORD005095,CUS000532,2026-07-01T21:19:00+07:00,shipped,Hanoi,mobile_app,11060000.00,ecommerce_api,2026-07-01T21:19:00+07:00,2026-07-01T23:02:00+07:00
ORD005096,CUS000112,2026-07-01T16:42:00+07:00,cancelled,Vinh,social,17235000.00,ecommerce_api,2026-07-01T16:42:00+07:00,2026-07-01T18:10:00+07:00
ORD005097,CUS000397,2026-07-01T21:49:00+07:00,confirmed,Hai Phong,web,396000.00,ecommerce_api,2026-07-01T21:49:00+07:00,2026-07-01T23:37:00+07:00
ORD005098,CUS000959,2026-07-01T16:03:00+07:00,completed,Quang Ninh,web,8654500.00,ecommerce_api,2026-07-01T16:03:00+07:00,2026-07-01T16:48:00+07:00
ORD005099,CUS000714,2026-07-01T11:03:00+07:00,completed,Ho Chi Minh City,social,15001500.00,ecommerce_api,2026-07-01T11:03:00+07:00,2026-07-01T13:36:00+07:00
ORD005100,CUS000160,2026-07-01T20:24:00+07:00,completed,Ho Chi Minh City,mobile_app,23220000.00,ecommerce_api,2026-07-01T20:24:00+07:00,2026-07-01T21:11:00+07:00
ORD005101,CUS000143,2026-07-01T20:32:00+07:00,confirmed,Nha Trang,mobile_app,7690000.00,ecommerce_api,2026-07-01T20:32:00+07:00,2026-07-01T23:24:00+07:00
ORD005102,CUS000606,2026-07-01T22:45:00+07:00,pending,Ho Chi Minh City,web,19108000.00,ecommerce_api,2026-07-01T22:45:00+07:00,2026-07-02T00:37:00+07:00
ORD005103,CUS000080,2026-07-01T08:30:00+07:00,completed,Hue,mobile_app,11191000.00,ecommerce_api,2026-07-01T08:30:00+07:00,2026-07-01T10:45:00+07:00
ORD005104,CUS000379,2026-07-01T14:29:00+07:00,completed,Bac Ninh,web,23003000.00,ecommerce_api,2026-07-01T14:29:00+07:00,2026-07-01T15:01:00+07:00
ORD005105,CUS000531,2026-07-01T09:26:00+07:00,confirmed,Bac Ninh,web,21736500.00,ecommerce_api,2026-07-01T09:26:00+07:00,2026-07-01T11:50:00+07:00
ORD005106,CUS000533,2026-07-01T17:43:00+07:00,completed,Nha Trang,web,12975000.00,ecommerce_api,2026-07-01T17:43:00+07:00,2026-07-01T17:43:00+07:00
ORD005107,CUS000782,2026-07-01T08:55:00+07:00,pending,Bac Ninh,social,11590000.00,ecommerce_api,2026-07-01T08:55:00+07:00,2026-07-01T10:07:00+07:00
ORD005108,CUS000255,2026-07-01T15:50:00+07:00,completed,Hue,mobile_app,3980500.00,ecommerce_api,2026-07-01T15:50:00+07:00,2026-07-01T17:53:00+07:00
ORD005109,CUS000252,2026-07-01T12:52:00+07:00,completed,Bac Ninh,web,6957000.00,ecommerce_api,2026-07-01T12:52:00+07:00,2026-07-01T15:29:00+07:00
ORD005110,CUS000976,2026-07-01T16:55:00+07:00,completed,Quang Ninh,web,17647000.00,ecommerce_api,2026-07-01T16:55:00+07:00,2026-07-01T18:13:00+07:00
ORD005111,CUS000284,2026-07-01T21:57:00+07:00,completed,Ho Chi Minh City,web,3201500.00,ecommerce_api,2026-07-01T21:57:00+07:00,2026-07-02T00:12:00+07:00
ORD005112,CUS000248,2026-07-01T19:09:00+07:00,pending,Hanoi,web,4512500.00,ecommerce_api,2026-07-01T19:09:00+07:00,2026-07-01T19:13:00+07:00
ORD005113,CUS000129,2026-07-01T10:32:00+07:00,completed,Vinh,mobile_app,11802000.00,ecommerce_api,2026-07-01T10:32:00+07:00,2026-07-01T13:01:00+07:00
ORD005114,CUS001033,2026-07-01T20:43:00+07:00,completed,Quang Ninh,social,11812500.00,ecommerce_api,2026-07-01T20:43:00+07:00,2026-07-01T21:06:00+07:00
ORD005115,CUS000488,2026-07-01T15:54:00+07:00,completed,Quang Ninh,social,7028500.00,ecommerce_api,2026-07-01T15:54:00+07:00,2026-07-01T17:28:00+07:00
ORD005116,CUS000538,2026-07-01T19:16:00+07:00,completed,Hanoi,social,15268000.00,ecommerce_api,2026-07-01T19:16:00+07:00,2026-07-01T21:44:00+07:00
ORD005117,CUS000295,2026-07-01T16:41:00+07:00,confirmed,Bac Ninh,social,15380000.00,ecommerce_api,2026-07-01T16:41:00+07:00,2026-07-01T19:35:00+07:00
ORD005118,CUS000867,2026-07-01T19:25:00+07:00,completed,Quang Ninh,mobile_app,20243500.00,ecommerce_api,2026-07-01T19:25:00+07:00,2026-07-01T19:32:00+07:00
ORD005119,CUS000588,2026-07-01T08:28:00+07:00,shipped,Bac Ninh,mobile_app,10500000.00,ecommerce_api,2026-07-01T08:28:00+07:00,2026-07-01T11:25:00+07:00
ORD005120,CUS000182,2026-07-01T13:31:00+07:00,shipped,Bac Ninh,mobile_app,1406000.00,ecommerce_api,2026-07-01T13:31:00+07:00,2026-07-01T14:57:00+07:00
ORD005121,CUS000229,2026-07-01T09:56:00+07:00,completed,Hue,mobile_app,13789500.00,ecommerce_api,2026-07-01T09:56:00+07:00,2026-07-01T12:30:00+07:00
ORD005122,CUS000625,2026-07-01T22:28:00+07:00,confirmed,Vinh,web,21330000.00,ecommerce_api,2026-07-01T22:28:00+07:00,2026-07-01T23:23:00+07:00
ORD005123,CUS000749,2026-07-01T19:47:00+07:00,completed,Nha Trang,mobile_app,10404000.00,ecommerce_api,2026-07-01T19:47:00+07:00,2026-07-01T21:21:00+07:00
ORD005124,CUS000024,2026-07-01T09:43:00+07:00,confirmed,Quang Ninh,web,11206000.00,ecommerce_api,2026-07-01T09:43:00+07:00,2026-07-01T10:13:00+07:00
ORD005125,CUS000111,2026-07-01T19:44:00+07:00,confirmed,Vinh,mobile_app,10890000.00,ecommerce_api,2026-07-01T19:44:00+07:00,2026-07-01T21:40:00+07:00
ORD005126,CUS000081,2026-07-01T12:13:00+07:00,completed,Hai Phong,web,5710000.00,ecommerce_api,2026-07-01T12:13:00+07:00,2026-07-01T13:56:00+07:00
ORD005127,CUS000986,2026-07-01T13:52:00+07:00,completed,Nha Trang,web,16634000.00,ecommerce_api,2026-07-01T13:52:00+07:00,2026-07-01T14:37:00+07:00
ORD005128,CUS000423,2026-07-01T12:44:00+07:00,shipped,Hanoi,mobile_app,8572000.00,ecommerce_api,2026-07-01T12:44:00+07:00,2026-07-01T12:50:00+07:00
ORD005129,CUS000716,2026-07-01T12:24:00+07:00,completed,Hai Phong,web,5616000.00,ecommerce_api,2026-07-01T12:24:00+07:00,2026-07-01T13:29:00+07:00
ORD005130,CUS000043,2026-07-01T21:12:00+07:00,completed,Bac Ninh,web,11276000.00,ecommerce_api,2026-07-01T21:12:00+07:00,2026-07-01T22:15:00+07:00
ORD005131,CUS000475,2026-07-01T12:07:00+07:00,completed,Hanoi,social,17594000.00,ecommerce_api,2026-07-01T12:07:00+07:00,2026-07-01T14:51:00+07:00
ORD005132,CUS000898,2026-07-01T20:56:00+07:00,completed,Hue,web,13704000.00,ecommerce_api,2026-07-01T20:56:00+07:00,2026-07-01T21:07:00+07:00
ORD005133,CUS001026,2026-07-01T14:33:00+07:00,completed,Can Tho,web,5004000.00,ecommerce_api,2026-07-01T14:33:00+07:00,2026-07-01T17:00:00+07:00
ORD005134,CUS000619,2026-07-01T08:12:00+07:00,completed,Ho Chi Minh City,social,13920000.00,ecommerce_api,2026-07-01T08:12:00+07:00,2026-07-01T08:45:00+07:00
ORD005135,CUS000570,2026-07-01T17:57:00+07:00,completed,Hue,social,12206500.00,ecommerce_api,2026-07-01T17:57:00+07:00,2026-07-01T19:35:00+07:00
ORD005136,CUS000280,2026-07-01T09:48:00+07:00,shipped,Bac Ninh,mobile_app,6650000.00,ecommerce_api,2026-07-01T09:48:00+07:00,2026-07-01T11:31:00+07:00
ORD005137,CUS000496,2026-07-01T21:02:00+07:00,confirmed,Vinh,mobile_app,14204500.00,ecommerce_api,2026-07-01T21:02:00+07:00,2026-07-01T21:47:00+07:00
ORD005138,CUS000400,2026-07-01T12:33:00+07:00,shipped,Ho Chi Minh City,web,20039000.00,ecommerce_api,2026-07-01T12:33:00+07:00,2026-07-01T13:25:00+07:00
ORD005139,CUS000976,2026-07-01T18:09:00+07:00,shipped,Bac Ninh,social,19864000.00,ecommerce_api,2026-07-01T18:09:00+07:00,2026-07-01T20:37:00+07:00
ORD005140,CUS000164,2026-07-01T20:37:00+07:00,completed,Bac Ninh,social,3062000.00,ecommerce_api,2026-07-01T20:37:00+07:00,2026-07-01T22:22:00+07:00
ORD005141,CUS000439,2026-07-01T10:14:00+07:00,completed,Hue,social,13077500.00,ecommerce_api,2026-07-01T10:14:00+07:00,2026-07-01T10:41:00+07:00
ORD005142,CUS000932,2026-07-01T22:22:00+07:00,pending,Da Nang,mobile_app,10772500.00,ecommerce_api,2026-07-01T22:22:00+07:00,2026-07-01T23:36:00+07:00
ORD005143,CUS000887,2026-07-01T14:48:00+07:00,completed,Quang Ninh,social,18046000.00,ecommerce_api,2026-07-01T14:48:00+07:00,2026-07-01T15:25:00+07:00
ORD005144,CUS000240,2026-07-01T15:47:00+07:00,cancelled,Hue,social,26439500.00,ecommerce_api,2026-07-01T15:47:00+07:00,2026-07-01T18:01:00+07:00
ORD005145,CUS000065,2026-07-01T15:56:00+07:00,completed,Can Tho,social,5770000.00,ecommerce_api,2026-07-01T15:56:00+07:00,2026-07-01T16:26:00+07:00
ORD005146,CUS000207,2026-07-01T19:21:00+07:00,completed,Hanoi,mobile_app,5709500.00,ecommerce_api,2026-07-01T19:21:00+07:00,2026-07-01T19:54:00+07:00
ORD005147,CUS000909,2026-07-01T22:31:00+07:00,confirmed,Ho Chi Minh City,mobile_app,8201000.00,ecommerce_api,2026-07-01T22:31:00+07:00,2026-07-01T23:16:00+07:00
ORD005148,CUS000463,2026-07-01T09:18:00+07:00,pending,Bac Ninh,web,6770000.00,ecommerce_api,2026-07-01T09:18:00+07:00,2026-07-01T09:19:00+07:00
ORD005149,CUS000715,2026-07-01T10:59:00+07:00,completed,Vinh,mobile_app,15616000.00,ecommerce_api,2026-07-01T10:59:00+07:00,2026-07-01T13:08:00+07:00
ORD005150,CUS000604,2026-07-01T09:09:00+07:00,completed,Ho Chi Minh City,mobile_app,9209000.00,ecommerce_api,2026-07-01T09:09:00+07:00,2026-07-01T09:54:00+07:00
ORD005151,CUS000074,2026-07-01T18:57:00+07:00,shipped,Can Tho,mobile_app,11692000.00,ecommerce_api,2026-07-01T18:57:00+07:00,2026-07-01T19:48:00+07:00
ORD005152,CUS000618,2026-07-01T11:17:00+07:00,completed,Hanoi,web,22895000.00,ecommerce_api,2026-07-01T11:17:00+07:00,2026-07-01T13:27:00+07:00
ORD005153,CUS000613,2026-07-01T15:31:00+07:00,completed,Quang Ninh,web,16222000.00,ecommerce_api,2026-07-01T15:31:00+07:00,2026-07-01T15:40:00+07:00
ORD005154,CUS000105,2026-07-01T14:17:00+07:00,completed,Hue,social,4482000.00,ecommerce_api,2026-07-01T14:17:00+07:00,2026-07-01T16:06:00+07:00
ORD005155,CUS000583,2026-07-01T19:48:00+07:00,completed,Hue,social,12036500.00,ecommerce_api,2026-07-01T19:48:00+07:00,2026-07-01T20:44:00+07:00
ORD005156,CUS000600,2026-07-01T14:37:00+07:00,confirmed,Hue,mobile_app,10901000.00,ecommerce_api,2026-07-01T14:37:00+07:00,2026-07-01T17:23:00+07:00
ORD005157,CUS000877,2026-07-01T08:46:00+07:00,completed,Ho Chi Minh City,mobile_app,5013000.00,ecommerce_api,2026-07-01T08:46:00+07:00,2026-07-01T10:29:00+07:00
ORD005158,CUS000664,2026-07-01T11:09:00+07:00,completed,Quang Ninh,social,7260000.00,ecommerce_api,2026-07-01T11:09:00+07:00,2026-07-01T13:33:00+07:00
ORD005159,CUS000765,2026-07-01T17:11:00+07:00,completed,Quang Ninh,web,8130000.00,ecommerce_api,2026-07-01T17:11:00+07:00,2026-07-01T19:58:00+07:00
ORD005160,CUS000569,2026-07-01T20:59:00+07:00,completed,Can Tho,web,14240000.00,ecommerce_api,2026-07-01T20:59:00+07:00,2026-07-01T22:23:00+07:00
ORD005161,CUS000317,2026-07-01T22:58:00+07:00,completed,Nha Trang,social,3990000.00,ecommerce_api,2026-07-01T22:58:00+07:00,2026-07-01T23:13:00+07:00
ORD005162,CUS000311,2026-07-01T16:36:00+07:00,completed,Bac Ninh,social,10964000.00,ecommerce_api,2026-07-01T16:36:00+07:00,2026-07-01T18:29:00+07:00
ORD005163,CUS000852,2026-07-01T10:41:00+07:00,completed,Can Tho,web,11271000.00,ecommerce_api,2026-07-01T10:41:00+07:00,2026-07-01T11:50:00+07:00
ORD005164,CUS000826,2026-07-01T14:49:00+07:00,shipped,Can Tho,web,17154500.00,ecommerce_api,2026-07-01T14:49:00+07:00,2026-07-01T17:08:00+07:00
ORD005165,CUS000944,2026-07-01T16:43:00+07:00,completed,Quang Ninh,mobile_app,9003000.00,ecommerce_api,2026-07-01T16:43:00+07:00,2026-07-01T17:07:00+07:00
ORD005166,CUS000599,2026-07-01T11:26:00+07:00,completed,Can Tho,mobile_app,13478000.00,ecommerce_api,2026-07-01T11:26:00+07:00,2026-07-01T11:36:00+07:00
ORD005167,CUS000494,2026-07-01T17:46:00+07:00,completed,Vinh,social,10465000.00,ecommerce_api,2026-07-01T17:46:00+07:00,2026-07-01T18:03:00+07:00
ORD005168,CUS000287,2026-07-01T11:50:00+07:00,cancelled,Hue,mobile_app,10302000.00,ecommerce_api,2026-07-01T11:50:00+07:00,2026-07-01T12:38:00+07:00
ORD005169,CUS000422,2026-07-01T15:31:00+07:00,completed,Da Nang,social,27716500.00,ecommerce_api,2026-07-01T15:31:00+07:00,2026-07-01T17:19:00+07:00
ORD005170,CUS000975,2026-07-01T14:02:00+07:00,completed,Can Tho,mobile_app,19369000.00,ecommerce_api,2026-07-01T14:02:00+07:00,2026-07-01T14:40:00+07:00
ORD005171,CUS000241,2026-07-01T11:57:00+07:00,confirmed,Vinh,web,5391000.00,ecommerce_api,2026-07-01T11:57:00+07:00,2026-07-01T12:51:00+07:00
ORD005172,CUS001028,2026-07-01T08:33:00+07:00,completed,Quang Ninh,web,11197000.00,ecommerce_api,2026-07-01T08:33:00+07:00,2026-07-01T11:03:00+07:00
ORD005173,CUS000221,2026-07-01T22:26:00+07:00,pending,Hai Phong,web,11110500.00,ecommerce_api,2026-07-01T22:26:00+07:00,2026-07-01T22:56:00+07:00
ORD005174,CUS000869,2026-07-01T12:57:00+07:00,pending,Can Tho,social,17200000.00,ecommerce_api,2026-07-01T12:57:00+07:00,2026-07-01T14:25:00+07:00
ORD005175,CUS000034,2026-07-01T11:12:00+07:00,completed,Bac Ninh,mobile_app,11680000.00,ecommerce_api,2026-07-01T11:12:00+07:00,2026-07-01T13:13:00+07:00
ORD005176,CUS000895,2026-07-01T18:46:00+07:00,completed,Ho Chi Minh City,social,9339500.00,ecommerce_api,2026-07-01T18:46:00+07:00,2026-07-01T21:05:00+07:00
ORD005177,CUS000027,2026-07-01T21:44:00+07:00,pending,Bac Ninh,social,3268000.00,ecommerce_api,2026-07-01T21:44:00+07:00,2026-07-01T22:06:00+07:00
ORD005178,CUS000273,2026-07-01T18:05:00+07:00,completed,Vinh,mobile_app,6372000.00,ecommerce_api,2026-07-01T18:05:00+07:00,2026-07-01T20:17:00+07:00
ORD005179,CUS000612,2026-07-01T21:41:00+07:00,pending,Vinh,web,2390000.00,ecommerce_api,2026-07-01T21:41:00+07:00,2026-07-01T22:29:00+07:00
ORD005180,CUS000741,2026-07-01T12:53:00+07:00,completed,Ho Chi Minh City,mobile_app,5737500.00,ecommerce_api,2026-07-01T12:53:00+07:00,2026-07-01T15:36:00+07:00
ORD005181,CUS000516,2026-07-01T08:32:00+07:00,completed,Hai Phong,mobile_app,4250000.00,ecommerce_api,2026-07-01T08:32:00+07:00,2026-07-01T10:07:00+07:00
ORD005182,CUS000171,2026-07-01T14:30:00+07:00,completed,Bac Ninh,web,18276000.00,ecommerce_api,2026-07-01T14:30:00+07:00,2026-07-01T16:23:00+07:00
ORD005183,CUS000465,2026-07-01T12:56:00+07:00,completed,Nha Trang,social,9380000.00,ecommerce_api,2026-07-01T12:56:00+07:00,2026-07-01T15:27:00+07:00
ORD005184,CUS000030,2026-07-01T10:25:00+07:00,confirmed,Hanoi,mobile_app,20300500.00,ecommerce_api,2026-07-01T10:25:00+07:00,2026-07-01T13:09:00+07:00
ORD005185,CUS000465,2026-07-01T11:29:00+07:00,completed,Nha Trang,web,9750000.00,ecommerce_api,2026-07-01T11:29:00+07:00,2026-07-01T14:23:00+07:00
ORD005186,CUS000506,2026-07-01T11:57:00+07:00,completed,Nha Trang,social,22856000.00,ecommerce_api,2026-07-01T11:57:00+07:00,2026-07-01T12:53:00+07:00
ORD005187,CUS000280,2026-07-01T20:41:00+07:00,completed,Quang Ninh,social,3595500.00,ecommerce_api,2026-07-01T20:41:00+07:00,2026-07-01T21:31:00+07:00
ORD005188,CUS000003,2026-07-01T13:37:00+07:00,completed,Quang Ninh,web,8086500.00,ecommerce_api,2026-07-01T13:37:00+07:00,2026-07-01T13:45:00+07:00
ORD005189,CUS000836,2026-07-01T22:58:00+07:00,pending,Hanoi,mobile_app,7180000.00,ecommerce_api,2026-07-01T22:58:00+07:00,2026-07-01T23:59:00+07:00
ORD005190,CUS000580,2026-07-01T21:38:00+07:00,cancelled,Hue,social,16710000.00,ecommerce_api,2026-07-01T21:38:00+07:00,2026-07-01T23:57:00+07:00
ORD005191,CUS000337,2026-07-01T16:18:00+07:00,completed,Da Nang,mobile_app,10117500.00,ecommerce_api,2026-07-01T16:18:00+07:00,2026-07-01T18:45:00+07:00
ORD005192,CUS000815,2026-07-01T12:18:00+07:00,completed,Bac Ninh,web,2106000.00,ecommerce_api,2026-07-01T12:18:00+07:00,2026-07-01T13:47:00+07:00
ORD005193,CUS000725,2026-07-01T12:03:00+07:00,confirmed,Nha Trang,web,4977000.00,ecommerce_api,2026-07-01T12:03:00+07:00,2026-07-01T12:52:00+07:00
ORD005194,CUS000631,2026-07-01T10:06:00+07:00,completed,Can Tho,web,19703000.00,ecommerce_api,2026-07-01T10:06:00+07:00,2026-07-01T11:07:00+07:00
ORD005195,CUS000825,2026-07-01T20:18:00+07:00,completed,Ho Chi Minh City,web,17950000.00,ecommerce_api,2026-07-01T20:18:00+07:00,2026-07-01T22:12:00+07:00
ORD005196,CUS000190,2026-07-01T19:22:00+07:00,completed,Hanoi,web,12958000.00,ecommerce_api,2026-07-01T19:22:00+07:00,2026-07-01T22:13:00+07:00
ORD005197,CUS000634,2026-07-01T11:31:00+07:00,completed,Ho Chi Minh City,social,9067000.00,ecommerce_api,2026-07-01T11:31:00+07:00,2026-07-01T11:50:00+07:00
ORD005198,CUS000370,2026-07-01T18:24:00+07:00,completed,Vinh,social,15327000.00,ecommerce_api,2026-07-01T18:24:00+07:00,2026-07-01T19:04:00+07:00
ORD005199,CUS001050,2026-07-01T22:35:00+07:00,completed,Bac Ninh,web,12983000.00,ecommerce_api,2026-07-01T22:35:00+07:00,2026-07-01T23:25:00+07:00
ORD005200,CUS000662,2026-07-01T14:14:00+07:00,completed,Quang Ninh,social,10608500.00,ecommerce_api,2026-07-01T14:14:00+07:00,2026-07-01T15:48:00+07:00
ORD005201,CUS000913,2026-07-01T20:02:00+07:00,pending,Vinh,mobile_app,11169000.00,ecommerce_api,2026-07-01T20:02:00+07:00,2026-07-01T20:39:00+07:00
ORD005202,CUS000083,2026-07-01T11:07:00+07:00,completed,Bac Ninh,web,24823500.00,ecommerce_api,2026-07-01T11:07:00+07:00,2026-07-01T13:11:00+07:00
ORD005203,CUS000199,2026-07-01T09:18:00+07:00,confirmed,Quang Ninh,mobile_app,11466500.00,ecommerce_api,2026-07-01T09:18:00+07:00,2026-07-01T11:13:00+07:00
ORD005204,CUS000252,2026-07-01T12:50:00+07:00,shipped,Bac Ninh,social,8744000.00,ecommerce_api,2026-07-01T12:50:00+07:00,2026-07-01T14:47:00+07:00
ORD005205,CUS000328,2026-07-01T18:17:00+07:00,pending,Can Tho,mobile_app,234000.00,ecommerce_api,2026-07-01T18:17:00+07:00,2026-07-01T21:07:00+07:00
ORD005206,CUS000980,2026-07-01T20:05:00+07:00,pending,Ho Chi Minh City,social,9273000.00,ecommerce_api,2026-07-01T20:05:00+07:00,2026-07-01T20:46:00+07:00
ORD005207,CUS000722,2026-07-01T18:40:00+07:00,confirmed,Vinh,web,15856000.00,ecommerce_api,2026-07-01T18:40:00+07:00,2026-07-01T19:20:00+07:00
ORD005208,CUS000627,2026-07-01T08:09:00+07:00,completed,Can Tho,social,19131000.00,ecommerce_api,2026-07-01T08:09:00+07:00,2026-07-01T09:06:00+07:00
ORD005209,CUS000454,2026-07-01T14:40:00+07:00,completed,Can Tho,web,2682000.00,ecommerce_api,2026-07-01T14:40:00+07:00,2026-07-01T16:17:00+07:00
ORD005210,CUS000137,2026-07-01T09:25:00+07:00,completed,Nha Trang,mobile_app,9693500.00,ecommerce_api,2026-07-01T09:25:00+07:00,2026-07-01T10:26:00+07:00
ORD005211,CUS000720,2026-07-01T22:15:00+07:00,confirmed,Da Nang,web,7149000.00,ecommerce_api,2026-07-01T22:15:00+07:00,2026-07-01T23:57:00+07:00
ORD005212,CUS000002,2026-07-01T08:30:00+07:00,confirmed,Can Tho,mobile_app,10526500.00,ecommerce_api,2026-07-01T08:30:00+07:00,2026-07-01T11:18:00+07:00
ORD005213,CUS001015,2026-07-01T21:45:00+07:00,completed,Quang Ninh,mobile_app,10830000.00,ecommerce_api,2026-07-01T21:45:00+07:00,2026-07-01T22:51:00+07:00
ORD005214,CUS000160,2026-07-01T11:59:00+07:00,shipped,Bac Ninh,social,12010000.00,ecommerce_api,2026-07-01T11:59:00+07:00,2026-07-01T12:03:00+07:00
ORD005215,CUS000278,2026-07-01T21:56:00+07:00,completed,Da Nang,web,8901500.00,ecommerce_api,2026-07-01T21:56:00+07:00,2026-07-01T22:48:00+07:00
ORD005216,CUS000135,2026-07-01T09:57:00+07:00,confirmed,Can Tho,web,9896000.00,ecommerce_api,2026-07-01T09:57:00+07:00,2026-07-01T10:43:00+07:00
ORD005217,CUS000327,2026-07-01T15:14:00+07:00,cancelled,Hanoi,social,16954500.00,ecommerce_api,2026-07-01T15:14:00+07:00,2026-07-01T17:13:00+07:00
ORD005218,CUS000494,2026-07-01T11:02:00+07:00,shipped,Nha Trang,mobile_app,9261000.00,ecommerce_api,2026-07-01T11:02:00+07:00,2026-07-01T13:25:00+07:00
ORD005219,CUS000064,2026-07-01T17:29:00+07:00,completed,Da Nang,social,26577500.00,ecommerce_api,2026-07-01T17:29:00+07:00,2026-07-01T19:06:00+07:00
ORD005220,CUS000866,2026-07-01T22:39:00+07:00,pending,Quang Ninh,web,13643000.00,ecommerce_api,2026-07-01T22:39:00+07:00,2026-07-02T00:30:00+07:00
ORD005221,CUS000568,2026-07-01T21:06:00+07:00,completed,Hai Phong,social,12900000.00,ecommerce_api,2026-07-01T21:06:00+07:00,2026-07-01T21:27:00+07:00
ORD005222,CUS000335,2026-07-01T12:10:00+07:00,confirmed,Bac Ninh,mobile_app,2880000.00,ecommerce_api,2026-07-01T12:10:00+07:00,2026-07-01T12:20:00+07:00
ORD005223,CUS000991,2026-07-01T19:19:00+07:00,shipped,Nha Trang,mobile_app,22954000.00,ecommerce_api,2026-07-01T19:19:00+07:00,2026-07-01T21:26:00+07:00
ORD005224,CUS000731,2026-07-01T17:36:00+07:00,completed,Hai Phong,web,12218000.00,ecommerce_api,2026-07-01T17:36:00+07:00,2026-07-01T20:15:00+07:00
ORD005225,CUS000735,2026-07-01T18:39:00+07:00,confirmed,Quang Ninh,social,12942000.00,ecommerce_api,2026-07-01T18:39:00+07:00,2026-07-01T19:13:00+07:00
ORD005226,CUS001046,2026-07-01T16:32:00+07:00,cancelled,Hanoi,social,931000.00,ecommerce_api,2026-07-01T16:32:00+07:00,2026-07-01T19:11:00+07:00
ORD005227,CUS000196,2026-07-01T13:23:00+07:00,shipped,Vinh,social,27060000.00,ecommerce_api,2026-07-01T13:23:00+07:00,2026-07-01T13:37:00+07:00
ORD005228,CUS000229,2026-07-01T11:35:00+07:00,completed,Nha Trang,web,6670000.00,ecommerce_api,2026-07-01T11:35:00+07:00,2026-07-01T12:22:00+07:00
ORD005229,CUS000509,2026-07-01T13:47:00+07:00,shipped,Hai Phong,social,18250000.00,ecommerce_api,2026-07-01T13:47:00+07:00,2026-07-01T15:20:00+07:00
ORD005230,CUS000515,2026-07-01T21:30:00+07:00,pending,Da Nang,social,3460000.00,ecommerce_api,2026-07-01T21:30:00+07:00,2026-07-01T23:28:00+07:00
ORD005231,CUS000202,2026-07-01T09:07:00+07:00,shipped,Hue,mobile_app,4212000.00,ecommerce_api,2026-07-01T09:07:00+07:00,2026-07-01T11:19:00+07:00
ORD005232,CUS000880,2026-07-01T18:28:00+07:00,completed,Hanoi,mobile_app,23312500.00,ecommerce_api,2026-07-01T18:28:00+07:00,2026-07-01T21:25:00+07:00
ORD005233,CUS000767,2026-07-01T10:58:00+07:00,shipped,Quang Ninh,social,14809000.00,ecommerce_api,2026-07-01T10:58:00+07:00,2026-07-01T13:43:00+07:00
ORD005234,CUS000859,2026-07-01T20:39:00+07:00,completed,Da Nang,web,16359000.00,ecommerce_api,2026-07-01T20:39:00+07:00,2026-07-01T20:54:00+07:00
ORD005235,CUS000787,2026-07-01T19:47:00+07:00,cancelled,Hue,web,4914000.00,ecommerce_api,2026-07-01T19:47:00+07:00,2026-07-01T21:06:00+07:00
ORD005236,CUS000515,2026-07-01T22:22:00+07:00,completed,Da Nang,social,8010000.00,ecommerce_api,2026-07-01T22:22:00+07:00,2026-07-02T00:28:00+07:00
ORD005237,CUS000594,2026-07-01T21:41:00+07:00,pending,Hue,social,3980500.00,ecommerce_api,2026-07-01T21:41:00+07:00,2026-07-01T22:59:00+07:00
ORD005238,CUS000990,2026-07-01T16:39:00+07:00,completed,Can Tho,mobile_app,7317000.00,ecommerce_api,2026-07-01T16:39:00+07:00,2026-07-01T19:09:00+07:00
ORD005239,CUS000716,2026-07-01T21:46:00+07:00,completed,Bac Ninh,mobile_app,10895000.00,ecommerce_api,2026-07-01T21:46:00+07:00,2026-07-01T23:13:00+07:00
ORD005240,CUS000716,2026-07-01T09:25:00+07:00,completed,Da Nang,web,3961500.00,ecommerce_api,2026-07-01T09:25:00+07:00,2026-07-01T10:46:00+07:00
ORD005241,CUS000497,2026-07-01T10:01:00+07:00,completed,Hai Phong,social,9918000.00,ecommerce_api,2026-07-01T10:01:00+07:00,2026-07-01T10:52:00+07:00
ORD005242,CUS000501,2026-07-01T08:47:00+07:00,completed,Can Tho,mobile_app,6881000.00,ecommerce_api,2026-07-01T08:47:00+07:00,2026-07-01T09:45:00+07:00
ORD005243,CUS000300,2026-07-01T09:17:00+07:00,completed,Hanoi,social,5238000.00,ecommerce_api,2026-07-01T09:17:00+07:00,2026-07-01T11:07:00+07:00
ORD005244,CUS000856,2026-07-01T10:29:00+07:00,completed,Quang Ninh,social,1434500.00,ecommerce_api,2026-07-01T10:29:00+07:00,2026-07-01T10:49:00+07:00
ORD005245,CUS000112,2026-07-01T20:16:00+07:00,shipped,Nha Trang,web,4870000.00,ecommerce_api,2026-07-01T20:16:00+07:00,2026-07-01T21:23:00+07:00
ORD005246,CUS000903,2026-07-01T13:19:00+07:00,completed,Nha Trang,social,13027000.00,ecommerce_api,2026-07-01T13:19:00+07:00,2026-07-01T14:59:00+07:00
ORD005247,CUS001034,2026-07-01T17:58:00+07:00,completed,Vinh,social,31580000.00,ecommerce_api,2026-07-01T17:58:00+07:00,2026-07-01T18:16:00+07:00
ORD005248,CUS000138,2026-07-01T14:38:00+07:00,completed,Nha Trang,web,11083000.00,ecommerce_api,2026-07-01T14:38:00+07:00,2026-07-01T15:01:00+07:00
ORD005249,CUS000828,2026-07-01T18:07:00+07:00,confirmed,Hanoi,mobile_app,9517000.00,ecommerce_api,2026-07-01T18:07:00+07:00,2026-07-01T18:11:00+07:00
ORD005250,CUS001021,2026-07-01T08:20:00+07:00,completed,Can Tho,mobile_app,4893000.00,ecommerce_api,2026-07-01T08:20:00+07:00,2026-07-01T08:47:00+07:00
ORD005251,CUS000579,2026-07-01T08:58:00+07:00,completed,Can Tho,social,16621500.00,ecommerce_api,2026-07-01T08:58:00+07:00,2026-07-01T10:59:00+07:00
ORD005252,CUS000609,2026-07-01T14:07:00+07:00,completed,Nha Trang,web,8786000.00,ecommerce_api,2026-07-01T14:07:00+07:00,2026-07-01T16:56:00+07:00
ORD005253,CUS000486,2026-07-01T18:13:00+07:00,completed,Vinh,mobile_app,6690000.00,ecommerce_api,2026-07-01T18:13:00+07:00,2026-07-01T18:34:00+07:00
ORD005254,CUS000112,2026-07-01T13:24:00+07:00,completed,Hanoi,mobile_app,16056000.00,ecommerce_api,2026-07-01T13:24:00+07:00,2026-07-01T15:20:00+07:00
ORD005255,CUS001048,2026-07-01T16:54:00+07:00,confirmed,Vinh,social,16757000.00,ecommerce_api,2026-07-01T16:54:00+07:00,2026-07-01T17:46:00+07:00
ORD005256,CUS001032,2026-07-01T19:49:00+07:00,completed,Nha Trang,web,6331000.00,ecommerce_api,2026-07-01T19:49:00+07:00,2026-07-01T21:49:00+07:00
ORD005257,CUS000223,2026-07-01T13:51:00+07:00,pending,Nha Trang,social,475000.00,ecommerce_api,2026-07-01T13:51:00+07:00,2026-07-01T14:03:00+07:00
ORD005258,CUS000074,2026-07-01T12:32:00+07:00,completed,Nha Trang,web,5966500.00,ecommerce_api,2026-07-01T12:32:00+07:00,2026-07-01T13:49:00+07:00
ORD005259,CUS000272,2026-07-01T09:12:00+07:00,completed,Hanoi,mobile_app,19660000.00,ecommerce_api,2026-07-01T09:12:00+07:00,2026-07-01T11:02:00+07:00
ORD005260,CUS001048,2026-07-01T11:26:00+07:00,shipped,Bac Ninh,social,4626500.00,ecommerce_api,2026-07-01T11:26:00+07:00,2026-07-01T13:44:00+07:00
ORD005261,CUS001025,2026-07-01T22:59:00+07:00,confirmed,Da Nang,social,28555000.00,ecommerce_api,2026-07-01T22:59:00+07:00,2026-07-02T01:44:00+07:00
ORD005262,CUS000723,2026-07-01T21:09:00+07:00,completed,Hanoi,social,13242000.00,ecommerce_api,2026-07-01T21:09:00+07:00,2026-07-01T23:30:00+07:00
ORD005263,CUS000269,2026-07-01T20:05:00+07:00,completed,Quang Ninh,social,12567500.00,ecommerce_api,2026-07-01T20:05:00+07:00,2026-07-01T21:37:00+07:00
ORD005264,CUS000610,2026-07-01T08:50:00+07:00,confirmed,Vinh,mobile_app,5960000.00,ecommerce_api,2026-07-01T08:50:00+07:00,2026-07-01T11:07:00+07:00
ORD005265,CUS000859,2026-07-01T21:03:00+07:00,confirmed,Bac Ninh,social,7212500.00,ecommerce_api,2026-07-01T21:03:00+07:00,2026-07-01T23:18:00+07:00
ORD005266,CUS000956,2026-07-01T11:11:00+07:00,completed,Vinh,web,12915000.00,ecommerce_api,2026-07-01T11:11:00+07:00,2026-07-01T11:34:00+07:00
ORD005267,CUS000107,2026-07-01T22:49:00+07:00,completed,Nha Trang,web,9927500.00,ecommerce_api,2026-07-01T22:49:00+07:00,2026-07-01T23:49:00+07:00
ORD005268,CUS000681,2026-07-01T11:59:00+07:00,pending,Bac Ninh,mobile_app,11049000.00,ecommerce_api,2026-07-01T11:59:00+07:00,2026-07-01T14:46:00+07:00
ORD005269,CUS000312,2026-07-01T12:47:00+07:00,cancelled,Hue,web,4923500.00,ecommerce_api,2026-07-01T12:47:00+07:00,2026-07-01T15:13:00+07:00
ORD005270,CUS000565,2026-07-01T19:45:00+07:00,shipped,Can Tho,web,920000.00,ecommerce_api,2026-07-01T19:45:00+07:00,2026-07-01T20:10:00+07:00
ORD005271,CUS000117,2026-07-01T12:15:00+07:00,completed,Bac Ninh,social,17161500.00,ecommerce_api,2026-07-01T12:15:00+07:00,2026-07-01T12:15:00+07:00
ORD005272,CUS000231,2026-07-01T15:18:00+07:00,completed,Can Tho,web,13531000.00,ecommerce_api,2026-07-01T15:18:00+07:00,2026-07-01T15:20:00+07:00
ORD005273,CUS000456,2026-07-01T12:05:00+07:00,pending,Bac Ninh,social,5700000.00,ecommerce_api,2026-07-01T12:05:00+07:00,2026-07-01T13:24:00+07:00
ORD005274,CUS000606,2026-07-01T13:45:00+07:00,completed,Can Tho,social,16839000.00,ecommerce_api,2026-07-01T13:45:00+07:00,2026-07-01T16:10:00+07:00
ORD005275,CUS000641,2026-07-01T19:07:00+07:00,completed,Hanoi,web,4770000.00,ecommerce_api,2026-07-01T19:07:00+07:00,2026-07-01T19:49:00+07:00
ORD005276,CUS000768,2026-07-01T20:41:00+07:00,completed,Da Nang,mobile_app,7360000.00,ecommerce_api,2026-07-01T20:41:00+07:00,2026-07-01T23:10:00+07:00
ORD005277,CUS000862,2026-07-01T10:13:00+07:00,shipped,Hanoi,mobile_app,16767500.00,ecommerce_api,2026-07-01T10:13:00+07:00,2026-07-01T10:50:00+07:00
ORD005278,CUS000068,2026-07-01T15:57:00+07:00,completed,Hue,web,37527000.00,ecommerce_api,2026-07-01T15:57:00+07:00,2026-07-01T16:53:00+07:00
ORD005279,CUS000812,2026-07-01T08:55:00+07:00,completed,Ho Chi Minh City,mobile_app,9650000.00,ecommerce_api,2026-07-01T08:55:00+07:00,2026-07-01T09:21:00+07:00
ORD005280,CUS000335,2026-07-01T10:44:00+07:00,completed,Hue,social,20823500.00,ecommerce_api,2026-07-01T10:44:00+07:00,2026-07-01T13:29:00+07:00
ORD005281,CUS000470,2026-07-01T10:36:00+07:00,shipped,Hai Phong,social,13082000.00,ecommerce_api,2026-07-01T10:36:00+07:00,2026-07-01T12:14:00+07:00
ORD005282,CUS000909,2026-07-01T09:48:00+07:00,completed,Hanoi,social,12317000.00,ecommerce_api,2026-07-01T09:48:00+07:00,2026-07-01T10:46:00+07:00
ORD005283,CUS000695,2026-07-01T11:33:00+07:00,pending,Ho Chi Minh City,mobile_app,18783000.00,ecommerce_api,2026-07-01T11:33:00+07:00,2026-07-01T12:35:00+07:00
ORD005284,CUS000697,2026-07-01T18:04:00+07:00,completed,Hanoi,mobile_app,16539500.00,ecommerce_api,2026-07-01T18:04:00+07:00,2026-07-01T19:12:00+07:00
ORD005285,CUS000746,2026-07-01T16:45:00+07:00,confirmed,Ho Chi Minh City,web,21565000.00,ecommerce_api,2026-07-01T16:45:00+07:00,2026-07-01T19:15:00+07:00
ORD005286,CUS000498,2026-07-01T18:09:00+07:00,completed,Hanoi,social,8759000.00,ecommerce_api,2026-07-01T18:09:00+07:00,2026-07-01T18:39:00+07:00
ORD005287,CUS000255,2026-07-01T20:57:00+07:00,completed,Bac Ninh,social,4294000.00,ecommerce_api,2026-07-01T20:57:00+07:00,2026-07-01T21:09:00+07:00
ORD005288,CUS000371,2026-07-01T13:40:00+07:00,confirmed,Vinh,web,11654000.00,ecommerce_api,2026-07-01T13:40:00+07:00,2026-07-01T15:58:00+07:00
ORD005289,CUS000776,2026-07-01T14:43:00+07:00,completed,Ho Chi Minh City,mobile_app,13149000.00,ecommerce_api,2026-07-01T14:43:00+07:00,2026-07-01T16:03:00+07:00
ORD005290,CUS000745,2026-07-01T21:18:00+07:00,completed,Hai Phong,mobile_app,11133000.00,ecommerce_api,2026-07-01T21:18:00+07:00,2026-07-01T22:51:00+07:00
ORD005291,CUS000092,2026-07-01T21:19:00+07:00,pending,Bac Ninh,web,15960000.00,ecommerce_api,2026-07-01T21:19:00+07:00,2026-07-01T23:05:00+07:00
ORD005292,CUS001049,2026-07-01T20:40:00+07:00,completed,Ho Chi Minh City,web,9760000.00,ecommerce_api,2026-07-01T20:40:00+07:00,2026-07-01T20:44:00+07:00
ORD005293,CUS000318,2026-07-01T17:53:00+07:00,completed,Bac Ninh,web,22251500.00,ecommerce_api,2026-07-01T17:53:00+07:00,2026-07-01T18:03:00+07:00
ORD005294,CUS000070,2026-07-01T08:42:00+07:00,completed,Quang Ninh,mobile_app,8602000.00,ecommerce_api,2026-07-01T08:42:00+07:00,2026-07-01T09:08:00+07:00
ORD005295,CUS000975,2026-07-01T13:17:00+07:00,completed,Hue,mobile_app,8566000.00,ecommerce_api,2026-07-01T13:17:00+07:00,2026-07-01T13:17:00+07:00
ORD005296,CUS000141,2026-07-01T09:40:00+07:00,completed,Can Tho,social,8784500.00,ecommerce_api,2026-07-01T09:40:00+07:00,2026-07-01T11:42:00+07:00
ORD005297,CUS000657,2026-07-01T11:44:00+07:00,completed,Can Tho,mobile_app,11257500.00,ecommerce_api,2026-07-01T11:44:00+07:00,2026-07-01T11:55:00+07:00
ORD005298,CUS000644,2026-07-01T15:56:00+07:00,completed,Hanoi,mobile_app,24084000.00,ecommerce_api,2026-07-01T15:56:00+07:00,2026-07-01T16:55:00+07:00
ORD005299,CUS000217,2026-07-01T11:22:00+07:00,shipped,Hue,mobile_app,4743000.00,ecommerce_api,2026-07-01T11:22:00+07:00,2026-07-01T14:21:00+07:00
ORD005300,CUS000022,2026-07-01T10:59:00+07:00,completed,Quang Ninh,web,11329500.00,ecommerce_api,2026-07-01T10:59:00+07:00,2026-07-01T11:14:00+07:00
ORD005301,CUS000298,2026-07-01T21:00:00+07:00,completed,Can Tho,web,9553000.00,ecommerce_api,2026-07-01T21:00:00+07:00,2026-07-01T22:34:00+07:00
ORD005302,CUS000777,2026-07-01T18:55:00+07:00,completed,Quang Ninh,mobile_app,5442000.00,ecommerce_api,2026-07-01T18:55:00+07:00,2026-07-01T19:38:00+07:00
ORD005303,CUS000973,2026-07-01T22:17:00+07:00,completed,Da Nang,web,26485000.00,ecommerce_api,2026-07-01T22:17:00+07:00,2026-07-01T22:29:00+07:00
ORD005304,CUS000033,2026-07-01T21:55:00+07:00,pending,Bac Ninh,web,11787000.00,ecommerce_api,2026-07-01T21:55:00+07:00,2026-07-02T00:43:00+07:00
ORD005305,CUS000760,2026-07-01T10:16:00+07:00,completed,Hai Phong,web,15143000.00,ecommerce_api,2026-07-01T10:16:00+07:00,2026-07-01T10:16:00+07:00
ORD005306,CUS000156,2026-07-01T19:13:00+07:00,completed,Nha Trang,social,29716000.00,ecommerce_api,2026-07-01T19:13:00+07:00,2026-07-01T21:28:00+07:00
ORD005307,CUS000313,2026-07-01T12:02:00+07:00,completed,Hai Phong,mobile_app,6580000.00,ecommerce_api,2026-07-01T12:02:00+07:00,2026-07-01T12:33:00+07:00
ORD005308,CUS000795,2026-07-01T19:44:00+07:00,completed,Bac Ninh,social,6780000.00,ecommerce_api,2026-07-01T19:44:00+07:00,2026-07-01T20:00:00+07:00
ORD005309,CUS000391,2026-07-01T08:28:00+07:00,confirmed,Quang Ninh,social,18407000.00,ecommerce_api,2026-07-01T08:28:00+07:00,2026-07-01T08:56:00+07:00
ORD005310,CUS000965,2026-07-01T16:09:00+07:00,confirmed,Hue,mobile_app,2493000.00,ecommerce_api,2026-07-01T16:09:00+07:00,2026-07-01T18:46:00+07:00
ORD005311,CUS000240,2026-07-01T17:12:00+07:00,completed,Nha Trang,web,26826000.00,ecommerce_api,2026-07-01T17:12:00+07:00,2026-07-01T19:23:00+07:00
ORD005312,CUS000065,2026-07-01T12:42:00+07:00,completed,Nha Trang,social,891000.00,ecommerce_api,2026-07-01T12:42:00+07:00,2026-07-01T13:05:00+07:00
ORD005313,CUS000632,2026-07-01T21:49:00+07:00,completed,Nha Trang,web,3139000.00,ecommerce_api,2026-07-01T21:49:00+07:00,2026-07-02T00:33:00+07:00
ORD005314,CUS000318,2026-07-01T20:10:00+07:00,completed,Can Tho,mobile_app,4958000.00,ecommerce_api,2026-07-01T20:10:00+07:00,2026-07-01T22:40:00+07:00
ORD005315,CUS000659,2026-07-01T08:29:00+07:00,cancelled,Hai Phong,mobile_app,19994500.00,ecommerce_api,2026-07-01T08:29:00+07:00,2026-07-01T10:23:00+07:00
ORD005316,CUS000753,2026-07-01T09:06:00+07:00,confirmed,Can Tho,social,5100000.00,ecommerce_api,2026-07-01T09:06:00+07:00,2026-07-01T09:57:00+07:00
ORD005317,CUS000092,2026-07-01T20:22:00+07:00,completed,Ho Chi Minh City,mobile_app,11304000.00,ecommerce_api,2026-07-01T20:22:00+07:00,2026-07-01T21:47:00+07:00
ORD005318,CUS000979,2026-07-01T14:32:00+07:00,completed,Bac Ninh,web,14759500.00,ecommerce_api,2026-07-01T14:32:00+07:00,2026-07-01T14:49:00+07:00
ORD005319,CUS000628,2026-07-01T20:29:00+07:00,completed,Hanoi,social,4966000.00,ecommerce_api,2026-07-01T20:29:00+07:00,2026-07-01T22:24:00+07:00
ORD005320,CUS000050,2026-07-01T10:23:00+07:00,completed,Nha Trang,web,21381500.00,ecommerce_api,2026-07-01T10:23:00+07:00,2026-07-01T11:45:00+07:00
ORD005321,CUS000066,2026-07-01T22:16:00+07:00,completed,Quang Ninh,mobile_app,10068000.00,ecommerce_api,2026-07-01T22:16:00+07:00,2026-07-01T23:59:00+07:00
ORD005322,CUS000924,2026-07-01T21:23:00+07:00,completed,Hai Phong,social,5850000.00,ecommerce_api,2026-07-01T21:23:00+07:00,2026-07-01T23:52:00+07:00
ORD005323,CUS000804,2026-07-01T16:48:00+07:00,confirmed,Vinh,social,3470000.00,ecommerce_api,2026-07-01T16:48:00+07:00,2026-07-01T17:57:00+07:00
ORD005324,CUS000570,2026-07-01T08:04:00+07:00,confirmed,Can Tho,web,20410000.00,ecommerce_api,2026-07-01T08:04:00+07:00,2026-07-01T09:35:00+07:00
ORD005325,CUS000008,2026-07-01T17:36:00+07:00,completed,Vinh,mobile_app,8065000.00,ecommerce_api,2026-07-01T17:36:00+07:00,2026-07-01T19:44:00+07:00
ORD005326,CUS000517,2026-07-01T15:15:00+07:00,completed,Da Nang,social,7920000.00,ecommerce_api,2026-07-01T15:15:00+07:00,2026-07-01T16:15:00+07:00
ORD005327,CUS000894,2026-07-01T20:27:00+07:00,shipped,Da Nang,mobile_app,7429000.00,ecommerce_api,2026-07-01T20:27:00+07:00,2026-07-01T20:48:00+07:00
ORD005328,CUS000017,2026-07-01T17:55:00+07:00,pending,Nha Trang,social,10800000.00,ecommerce_api,2026-07-01T17:55:00+07:00,2026-07-01T20:02:00+07:00
ORD005329,CUS001006,2026-07-01T17:16:00+07:00,completed,Da Nang,web,15016000.00,ecommerce_api,2026-07-01T17:16:00+07:00,2026-07-01T18:28:00+07:00
ORD005330,CUS000354,2026-07-01T15:01:00+07:00,completed,Bac Ninh,web,18127000.00,ecommerce_api,2026-07-01T15:01:00+07:00,2026-07-01T15:16:00+07:00
ORD005331,CUS000204,2026-07-01T20:51:00+07:00,shipped,Da Nang,social,15270000.00,ecommerce_api,2026-07-01T20:51:00+07:00,2026-07-01T21:23:00+07:00
ORD005332,CUS000461,2026-07-01T22:38:00+07:00,completed,Ho Chi Minh City,social,12040000.00,ecommerce_api,2026-07-01T22:38:00+07:00,2026-07-02T00:34:00+07:00
ORD005333,CUS000319,2026-07-01T17:49:00+07:00,completed,Hanoi,web,7358000.00,ecommerce_api,2026-07-01T17:49:00+07:00,2026-07-01T18:10:00+07:00
ORD005334,CUS000712,2026-07-01T16:49:00+07:00,completed,Ho Chi Minh City,social,18053500.00,ecommerce_api,2026-07-01T16:49:00+07:00,2026-07-01T17:22:00+07:00
ORD005335,CUS000928,2026-07-01T08:08:00+07:00,shipped,Vinh,social,19942000.00,ecommerce_api,2026-07-01T08:08:00+07:00,2026-07-01T09:10:00+07:00
ORD005336,CUS000965,2026-07-01T11:21:00+07:00,completed,Da Nang,web,9482000.00,ecommerce_api,2026-07-01T11:21:00+07:00,2026-07-01T12:34:00+07:00
ORD005337,CUS000849,2026-07-01T08:42:00+07:00,completed,Da Nang,mobile_app,7499000.00,ecommerce_api,2026-07-01T08:42:00+07:00,2026-07-01T09:15:00+07:00
ORD005338,CUS000906,2026-07-01T20:01:00+07:00,shipped,Hue,web,11343000.00,ecommerce_api,2026-07-01T20:01:00+07:00,2026-07-01T22:01:00+07:00
ORD005339,CUS000541,2026-07-01T20:26:00+07:00,completed,Hai Phong,web,8097000.00,ecommerce_api,2026-07-01T20:26:00+07:00,2026-07-01T22:21:00+07:00
ORD005340,CUS000552,2026-07-01T10:01:00+07:00,pending,Nha Trang,web,19257500.00,ecommerce_api,2026-07-01T10:01:00+07:00,2026-07-01T12:37:00+07:00
ORD005341,CUS000442,2026-07-01T17:26:00+07:00,completed,Ho Chi Minh City,web,1463000.00,ecommerce_api,2026-07-01T17:26:00+07:00,2026-07-01T18:14:00+07:00
ORD005342,CUS000704,2026-07-01T12:21:00+07:00,completed,Vinh,social,22052000.00,ecommerce_api,2026-07-01T12:21:00+07:00,2026-07-01T14:11:00+07:00
ORD005343,CUS000796,2026-07-01T20:50:00+07:00,shipped,Hanoi,social,13669000.00,ecommerce_api,2026-07-01T20:50:00+07:00,2026-07-01T22:18:00+07:00
ORD005344,CUS000006,2026-07-01T21:13:00+07:00,completed,Can Tho,social,6246000.00,ecommerce_api,2026-07-01T21:13:00+07:00,2026-07-02T00:09:00+07:00
ORD005345,CUS000306,2026-07-01T22:42:00+07:00,pending,Vinh,social,18244000.00,ecommerce_api,2026-07-01T22:42:00+07:00,2026-07-02T00:48:00+07:00
ORD005346,CUS000624,2026-07-01T17:22:00+07:00,completed,Vinh,mobile_app,1062000.00,ecommerce_api,2026-07-01T17:22:00+07:00,2026-07-01T18:15:00+07:00
ORD005347,CUS000847,2026-07-01T21:21:00+07:00,completed,Quang Ninh,mobile_app,11080000.00,ecommerce_api,2026-07-01T21:21:00+07:00,2026-07-01T22:32:00+07:00
ORD005348,CUS000546,2026-07-01T12:06:00+07:00,completed,Quang Ninh,social,4510000.00,ecommerce_api,2026-07-01T12:06:00+07:00,2026-07-01T14:45:00+07:00
ORD005349,CUS000403,2026-07-01T20:14:00+07:00,completed,Hue,mobile_app,3000000.00,ecommerce_api,2026-07-01T20:14:00+07:00,2026-07-01T21:29:00+07:00
ORD005350,CUS000151,2026-07-01T17:31:00+07:00,confirmed,Da Nang,mobile_app,14797000.00,ecommerce_api,2026-07-01T17:31:00+07:00,2026-07-01T17:43:00+07:00
ORD005351,CUS000202,2026-07-01T08:59:00+07:00,shipped,Hanoi,mobile_app,14943000.00,ecommerce_api,2026-07-01T08:59:00+07:00,2026-07-01T10:26:00+07:00
ORD005352,CUS000287,2026-07-01T20:13:00+07:00,completed,Bac Ninh,social,16458000.00,ecommerce_api,2026-07-01T20:13:00+07:00,2026-07-01T20:39:00+07:00
ORD005353,CUS000918,2026-07-01T20:45:00+07:00,completed,Da Nang,web,8591000.00,ecommerce_api,2026-07-01T20:45:00+07:00,2026-07-01T21:43:00+07:00
ORD005354,CUS000221,2026-07-01T15:32:00+07:00,completed,Bac Ninh,mobile_app,9198000.00,ecommerce_api,2026-07-01T15:32:00+07:00,2026-07-01T16:58:00+07:00
ORD005355,CUS000141,2026-07-01T18:06:00+07:00,cancelled,Vinh,web,21920000.00,ecommerce_api,2026-07-01T18:06:00+07:00,2026-07-01T19:51:00+07:00
ORD005356,CUS000778,2026-07-01T08:20:00+07:00,completed,Da Nang,mobile_app,20640000.00,ecommerce_api,2026-07-01T08:20:00+07:00,2026-07-01T08:57:00+07:00
ORD005357,CUS000516,2026-07-01T18:42:00+07:00,confirmed,Can Tho,web,15504000.00,ecommerce_api,2026-07-01T18:42:00+07:00,2026-07-01T19:19:00+07:00
ORD005358,CUS000670,2026-07-01T19:46:00+07:00,completed,Vinh,mobile_app,11361000.00,ecommerce_api,2026-07-01T19:46:00+07:00,2026-07-01T21:37:00+07:00
ORD005359,CUS000727,2026-07-01T14:24:00+07:00,completed,Quang Ninh,web,22598000.00,ecommerce_api,2026-07-01T14:24:00+07:00,2026-07-01T16:30:00+07:00
ORD005360,CUS000433,2026-07-01T12:20:00+07:00,shipped,Ho Chi Minh City,web,12132000.00,ecommerce_api,2026-07-01T12:20:00+07:00,2026-07-01T13:21:00+07:00
ORD005361,CUS001050,2026-07-01T14:46:00+07:00,shipped,Da Nang,web,8217500.00,ecommerce_api,2026-07-01T14:46:00+07:00,2026-07-01T16:41:00+07:00
ORD005362,CUS000842,2026-07-01T17:16:00+07:00,confirmed,Hue,web,25700500.00,ecommerce_api,2026-07-01T17:16:00+07:00,2026-07-01T19:08:00+07:00
ORD005363,CUS000726,2026-07-01T13:41:00+07:00,completed,Quang Ninh,mobile_app,15266500.00,ecommerce_api,2026-07-01T13:41:00+07:00,2026-07-01T14:57:00+07:00
ORD005364,CUS000945,2026-07-01T09:00:00+07:00,completed,Nha Trang,mobile_app,8210000.00,ecommerce_api,2026-07-01T09:00:00+07:00,2026-07-01T10:50:00+07:00
ORD005365,CUS000473,2026-07-01T17:00:00+07:00,confirmed,Hanoi,web,24104000.00,ecommerce_api,2026-07-01T17:00:00+07:00,2026-07-01T17:33:00+07:00
ORD005366,CUS000418,2026-07-01T17:29:00+07:00,completed,Nha Trang,mobile_app,14468000.00,ecommerce_api,2026-07-01T17:29:00+07:00,2026-07-01T18:47:00+07:00
ORD005367,CUS000372,2026-07-01T21:55:00+07:00,pending,Vinh,social,12775000.00,ecommerce_api,2026-07-01T21:55:00+07:00,2026-07-01T23:59:00+07:00
ORD005368,CUS000510,2026-07-01T19:46:00+07:00,shipped,Da Nang,web,12014000.00,ecommerce_api,2026-07-01T19:46:00+07:00,2026-07-01T19:47:00+07:00
ORD005369,CUS001049,2026-07-01T22:48:00+07:00,completed,Hue,web,10632000.00,ecommerce_api,2026-07-01T22:48:00+07:00,2026-07-01T23:26:00+07:00
ORD005370,CUS000708,2026-07-01T21:35:00+07:00,pending,Ho Chi Minh City,web,7201000.00,ecommerce_api,2026-07-01T21:35:00+07:00,2026-07-01T21:50:00+07:00
ORD005371,CUS000471,2026-07-01T09:49:00+07:00,completed,Nha Trang,web,12965500.00,ecommerce_api,2026-07-01T09:49:00+07:00,2026-07-01T09:51:00+07:00
ORD005372,CUS000147,2026-07-01T10:37:00+07:00,completed,Bac Ninh,mobile_app,1287000.00,ecommerce_api,2026-07-01T10:37:00+07:00,2026-07-01T12:54:00+07:00
ORD005373,CUS000374,2026-07-01T22:25:00+07:00,completed,Can Tho,web,6300000.00,ecommerce_api,2026-07-01T22:25:00+07:00,2026-07-02T01:09:00+07:00
ORD005374,CUS001023,2026-07-01T12:06:00+07:00,completed,Da Nang,web,15990000.00,ecommerce_api,2026-07-01T12:06:00+07:00,2026-07-01T14:51:00+07:00
ORD005375,CUS000596,2026-07-01T18:04:00+07:00,completed,Hai Phong,mobile_app,17394500.00,ecommerce_api,2026-07-01T18:04:00+07:00,2026-07-01T20:08:00+07:00
ORD005376,CUS000920,2026-07-01T12:12:00+07:00,completed,Can Tho,social,9928500.00,ecommerce_api,2026-07-01T12:12:00+07:00,2026-07-01T13:41:00+07:00
ORD005377,CUS000166,2026-07-01T14:17:00+07:00,cancelled,Nha Trang,social,15696000.00,ecommerce_api,2026-07-01T14:17:00+07:00,2026-07-01T17:17:00+07:00
ORD005378,CUS000393,2026-07-01T18:28:00+07:00,completed,Da Nang,web,3600000.00,ecommerce_api,2026-07-01T18:28:00+07:00,2026-07-01T20:43:00+07:00
ORD005379,CUS000141,2026-07-01T13:47:00+07:00,completed,Ho Chi Minh City,social,21050000.00,ecommerce_api,2026-07-01T13:47:00+07:00,2026-07-01T14:48:00+07:00
ORD005380,CUS000353,2026-07-01T11:23:00+07:00,completed,Bac Ninh,social,6512500.00,ecommerce_api,2026-07-01T11:23:00+07:00,2026-07-01T11:32:00+07:00
ORD005381,CUS000342,2026-07-01T10:05:00+07:00,pending,Da Nang,web,8432500.00,ecommerce_api,2026-07-01T10:05:00+07:00,2026-07-01T10:36:00+07:00
ORD005382,CUS000479,2026-07-01T17:32:00+07:00,completed,Nha Trang,mobile_app,20170000.00,ecommerce_api,2026-07-01T17:32:00+07:00,2026-07-01T18:40:00+07:00
ORD005383,CUS000386,2026-07-01T21:08:00+07:00,completed,Hanoi,mobile_app,12749000.00,ecommerce_api,2026-07-01T21:08:00+07:00,2026-07-01T22:32:00+07:00
ORD005384,CUS000424,2026-07-01T15:02:00+07:00,completed,Can Tho,social,8280000.00,ecommerce_api,2026-07-01T15:02:00+07:00,2026-07-01T17:05:00+07:00
ORD005385,CUS000821,2026-07-01T10:07:00+07:00,completed,Hai Phong,web,9962000.00,ecommerce_api,2026-07-01T10:07:00+07:00,2026-07-01T11:17:00+07:00
ORD005386,CUS000052,2026-07-01T16:54:00+07:00,confirmed,Vinh,web,20567000.00,ecommerce_api,2026-07-01T16:54:00+07:00,2026-07-01T18:20:00+07:00
ORD005387,CUS000482,2026-07-01T11:17:00+07:00,confirmed,Nha Trang,web,17751500.00,ecommerce_api,2026-07-01T11:17:00+07:00,2026-07-01T11:19:00+07:00
ORD005388,CUS000981,2026-07-01T15:26:00+07:00,completed,Hanoi,social,16225500.00,ecommerce_api,2026-07-01T15:26:00+07:00,2026-07-01T18:25:00+07:00
ORD005389,CUS001035,2026-07-01T16:28:00+07:00,shipped,Ho Chi Minh City,social,21116000.00,ecommerce_api,2026-07-01T16:28:00+07:00,2026-07-01T18:29:00+07:00
ORD005390,CUS000040,2026-07-01T18:21:00+07:00,completed,Hue,web,2940000.00,ecommerce_api,2026-07-01T18:21:00+07:00,2026-07-01T18:35:00+07:00
ORD005391,CUS000743,2026-07-01T08:09:00+07:00,shipped,Can Tho,web,16377500.00,ecommerce_api,2026-07-01T08:09:00+07:00,2026-07-01T09:23:00+07:00
ORD005392,CUS000760,2026-07-01T21:36:00+07:00,completed,Quang Ninh,mobile_app,18486000.00,ecommerce_api,2026-07-01T21:36:00+07:00,2026-07-01T23:51:00+07:00
ORD005393,CUS000086,2026-07-01T15:24:00+07:00,completed,Hanoi,social,2194500.00,ecommerce_api,2026-07-01T15:24:00+07:00,2026-07-01T17:33:00+07:00
ORD005394,CUS000866,2026-07-01T17:36:00+07:00,shipped,Nha Trang,web,8725000.00,ecommerce_api,2026-07-01T17:36:00+07:00,2026-07-01T17:55:00+07:00
ORD005395,CUS000374,2026-07-01T19:13:00+07:00,completed,Nha Trang,social,7264000.00,ecommerce_api,2026-07-01T19:13:00+07:00,2026-07-01T20:57:00+07:00
ORD005396,CUS000394,2026-07-01T10:28:00+07:00,completed,Bac Ninh,mobile_app,22487000.00,ecommerce_api,2026-07-01T10:28:00+07:00,2026-07-01T12:17:00+07:00
ORD005397,CUS000888,2026-07-01T10:11:00+07:00,completed,Vinh,social,12337000.00,ecommerce_api,2026-07-01T10:11:00+07:00,2026-07-01T10:48:00+07:00
ORD005398,CUS000567,2026-07-01T17:13:00+07:00,completed,Can Tho,web,15381500.00,ecommerce_api,2026-07-01T17:13:00+07:00,2026-07-01T17:23:00+07:00
ORD005399,CUS000039,2026-07-01T17:20:00+07:00,completed,Quang Ninh,web,981000.00,ecommerce_api,2026-07-01T17:20:00+07:00,2026-07-01T19:37:00+07:00
ORD005400,CUS000082,2026-07-01T21:38:00+07:00,pending,Hai Phong,web,6980000.00,ecommerce_api,2026-07-01T21:38:00+07:00,2026-07-01T22:18:00+07:00
ORD005401,CUS000290,2026-07-01T16:14:00+07:00,cancelled,Nha Trang,social,9858000.00,ecommerce_api,2026-07-01T16:14:00+07:00,2026-07-01T18:21:00+07:00
ORD005402,CUS000821,2026-07-01T10:05:00+07:00,completed,Can Tho,social,4666500.00,ecommerce_api,2026-07-01T10:05:00+07:00,2026-07-01T11:39:00+07:00
ORD005403,CUS000553,2026-07-01T21:46:00+07:00,shipped,Can Tho,social,8870500.00,ecommerce_api,2026-07-01T21:46:00+07:00,2026-07-01T23:22:00+07:00
ORD005404,CUS000468,2026-07-01T21:46:00+07:00,completed,Ho Chi Minh City,web,14219500.00,ecommerce_api,2026-07-01T21:46:00+07:00,2026-07-01T21:51:00+07:00
ORD005405,CUS000290,2026-07-01T10:39:00+07:00,completed,Hanoi,web,7700000.00,ecommerce_api,2026-07-01T10:39:00+07:00,2026-07-01T13:33:00+07:00
ORD005406,CUS000121,2026-07-01T09:10:00+07:00,completed,Da Nang,social,20913000.00,ecommerce_api,2026-07-01T09:10:00+07:00,2026-07-01T09:54:00+07:00
ORD005407,CUS000379,2026-07-01T15:16:00+07:00,shipped,Can Tho,social,13120000.00,ecommerce_api,2026-07-01T15:16:00+07:00,2026-07-01T18:01:00+07:00
ORD005408,CUS000659,2026-07-01T10:49:00+07:00,completed,Da Nang,mobile_app,4000000.00,ecommerce_api,2026-07-01T10:49:00+07:00,2026-07-01T12:51:00+07:00
ORD005409,CUS000522,2026-07-01T15:54:00+07:00,shipped,Hai Phong,web,14044000.00,ecommerce_api,2026-07-01T15:54:00+07:00,2026-07-01T16:13:00+07:00
ORD005410,CUS000194,2026-07-01T10:19:00+07:00,completed,Hanoi,mobile_app,28543000.00,ecommerce_api,2026-07-01T10:19:00+07:00,2026-07-01T13:05:00+07:00
ORD005411,CUS000683,2026-07-01T08:53:00+07:00,completed,Can Tho,web,1763500.00,ecommerce_api,2026-07-01T08:53:00+07:00,2026-07-01T09:34:00+07:00
ORD005412,CUS000523,2026-07-01T17:03:00+07:00,shipped,Hue,mobile_app,18060000.00,ecommerce_api,2026-07-01T17:03:00+07:00,2026-07-01T17:09:00+07:00
ORD005413,CUS000109,2026-07-01T19:20:00+07:00,completed,Hanoi,social,7162000.00,ecommerce_api,2026-07-01T19:20:00+07:00,2026-07-01T21:12:00+07:00
ORD005414,CUS000856,2026-07-01T08:49:00+07:00,completed,Da Nang,web,8274000.00,ecommerce_api,2026-07-01T08:49:00+07:00,2026-07-01T08:52:00+07:00
ORD005415,CUS000819,2026-07-01T08:58:00+07:00,completed,Nha Trang,mobile_app,31989500.00,ecommerce_api,2026-07-01T08:58:00+07:00,2026-07-01T11:14:00+07:00
ORD005416,CUS000719,2026-07-01T11:14:00+07:00,completed,Vinh,social,16481500.00,ecommerce_api,2026-07-01T11:14:00+07:00,2026-07-01T12:47:00+07:00
ORD005417,CUS000098,2026-07-01T09:53:00+07:00,shipped,Hanoi,mobile_app,10361000.00,ecommerce_api,2026-07-01T09:53:00+07:00,2026-07-01T10:42:00+07:00
ORD005418,CUS000035,2026-07-01T09:55:00+07:00,completed,Da Nang,social,29066000.00,ecommerce_api,2026-07-01T09:55:00+07:00,2026-07-01T12:05:00+07:00
ORD005419,CUS000650,2026-07-01T18:40:00+07:00,completed,Hai Phong,mobile_app,5090000.00,ecommerce_api,2026-07-01T18:40:00+07:00,2026-07-01T19:04:00+07:00
ORD005420,CUS000955,2026-07-01T14:37:00+07:00,pending,Quang Ninh,mobile_app,2110000.00,ecommerce_api,2026-07-01T14:37:00+07:00,2026-07-01T15:19:00+07:00
ORD005421,CUS000586,2026-07-01T22:10:00+07:00,completed,Can Tho,mobile_app,5878000.00,ecommerce_api,2026-07-01T22:10:00+07:00,2026-07-01T23:23:00+07:00
ORD005422,CUS000802,2026-07-01T16:02:00+07:00,pending,Hue,web,7540000.00,ecommerce_api,2026-07-01T16:02:00+07:00,2026-07-01T17:59:00+07:00
ORD005423,CUS000289,2026-07-01T17:39:00+07:00,pending,Vinh,web,16717000.00,ecommerce_api,2026-07-01T17:39:00+07:00,2026-07-01T18:41:00+07:00
ORD005424,CUS000613,2026-07-01T11:52:00+07:00,completed,Ho Chi Minh City,web,20624000.00,ecommerce_api,2026-07-01T11:52:00+07:00,2026-07-01T14:50:00+07:00
ORD005425,CUS000020,2026-07-01T20:51:00+07:00,cancelled,Hanoi,web,13397000.00,ecommerce_api,2026-07-01T20:51:00+07:00,2026-07-01T22:26:00+07:00
ORD005426,CUS000286,2026-07-01T19:17:00+07:00,shipped,Bac Ninh,social,11379000.00,ecommerce_api,2026-07-01T19:17:00+07:00,2026-07-01T22:00:00+07:00
ORD005427,CUS000263,2026-07-01T16:03:00+07:00,pending,Hanoi,web,11714000.00,ecommerce_api,2026-07-01T16:03:00+07:00,2026-07-01T17:17:00+07:00
ORD005428,CUS000247,2026-07-01T08:35:00+07:00,completed,Hai Phong,social,19467000.00,ecommerce_api,2026-07-01T08:35:00+07:00,2026-07-01T09:52:00+07:00
ORD005429,CUS000055,2026-07-01T20:34:00+07:00,confirmed,Hue,mobile_app,8852000.00,ecommerce_api,2026-07-01T20:34:00+07:00,2026-07-01T21:24:00+07:00
ORD005430,CUS000773,2026-07-01T08:57:00+07:00,shipped,Hue,social,7564000.00,ecommerce_api,2026-07-01T08:57:00+07:00,2026-07-01T10:19:00+07:00
ORD005431,CUS000559,2026-07-01T15:51:00+07:00,completed,Hue,mobile_app,26160000.00,ecommerce_api,2026-07-01T15:51:00+07:00,2026-07-01T17:21:00+07:00
ORD005432,CUS000835,2026-07-01T18:39:00+07:00,completed,Hanoi,mobile_app,978500.00,ecommerce_api,2026-07-01T18:39:00+07:00,2026-07-01T18:48:00+07:00
ORD005433,CUS000611,2026-07-01T09:53:00+07:00,completed,Can Tho,social,10697500.00,ecommerce_api,2026-07-01T09:53:00+07:00,2026-07-01T10:08:00+07:00
ORD005434,CUS000744,2026-07-01T21:28:00+07:00,confirmed,Quang Ninh,social,10278500.00,ecommerce_api,2026-07-01T21:28:00+07:00,2026-07-01T21:51:00+07:00
ORD005435,CUS001033,2026-07-01T14:26:00+07:00,completed,Hue,social,1940000.00,ecommerce_api,2026-07-01T14:26:00+07:00,2026-07-01T16:16:00+07:00
ORD005436,CUS000302,2026-07-01T15:03:00+07:00,completed,Vinh,web,17772000.00,ecommerce_api,2026-07-01T15:03:00+07:00,2026-07-01T15:31:00+07:00
ORD005437,CUS000253,2026-07-01T15:11:00+07:00,completed,Can Tho,social,13086000.00,ecommerce_api,2026-07-01T15:11:00+07:00,2026-07-01T17:07:00+07:00
ORD005438,CUS000441,2026-07-01T11:49:00+07:00,completed,Quang Ninh,mobile_app,11471500.00,ecommerce_api,2026-07-01T11:49:00+07:00,2026-07-01T12:10:00+07:00
ORD005439,CUS000496,2026-07-01T14:49:00+07:00,completed,Hanoi,social,20552000.00,ecommerce_api,2026-07-01T14:49:00+07:00,2026-07-01T15:27:00+07:00
ORD005440,CUS000803,2026-07-01T20:05:00+07:00,shipped,Hai Phong,mobile_app,14910500.00,ecommerce_api,2026-07-01T20:05:00+07:00,2026-07-01T20:22:00+07:00
ORD005441,CUS000582,2026-07-01T20:37:00+07:00,completed,Hue,social,10102000.00,ecommerce_api,2026-07-01T20:37:00+07:00,2026-07-01T23:07:00+07:00
ORD005442,CUS001010,2026-07-01T16:56:00+07:00,completed,Bac Ninh,social,228000.00,ecommerce_api,2026-07-01T16:56:00+07:00,2026-07-01T18:17:00+07:00
ORD005443,CUS000588,2026-07-01T18:45:00+07:00,completed,Quang Ninh,web,5176000.00,ecommerce_api,2026-07-01T18:45:00+07:00,2026-07-01T18:50:00+07:00
ORD005444,CUS000248,2026-07-01T20:22:00+07:00,completed,Vinh,social,18068000.00,ecommerce_api,2026-07-01T20:22:00+07:00,2026-07-01T20:32:00+07:00
ORD005445,CUS000280,2026-07-01T17:20:00+07:00,pending,Vinh,mobile_app,5948500.00,ecommerce_api,2026-07-01T17:20:00+07:00,2026-07-01T19:27:00+07:00
ORD005446,CUS000711,2026-07-01T12:17:00+07:00,confirmed,Quang Ninh,social,14590000.00,ecommerce_api,2026-07-01T12:17:00+07:00,2026-07-01T12:40:00+07:00
ORD005447,CUS000407,2026-07-01T21:54:00+07:00,pending,Nha Trang,social,30113000.00,ecommerce_api,2026-07-01T21:54:00+07:00,2026-07-01T23:26:00+07:00
ORD005448,CUS000161,2026-07-01T08:22:00+07:00,completed,Hanoi,social,17106000.00,ecommerce_api,2026-07-01T08:22:00+07:00,2026-07-01T08:44:00+07:00
ORD005449,CUS000507,2026-07-01T20:47:00+07:00,shipped,Vinh,mobile_app,10820000.00,ecommerce_api,2026-07-01T20:47:00+07:00,2026-07-01T20:56:00+07:00
ORD005450,CUS000299,2026-07-01T17:30:00+07:00,completed,Can Tho,mobile_app,25312000.00,ecommerce_api,2026-07-01T17:30:00+07:00,2026-07-01T17:57:00+07:00
ORD005451,CUS000085,2026-07-01T12:47:00+07:00,completed,Hai Phong,web,13052000.00,ecommerce_api,2026-07-01T12:47:00+07:00,2026-07-01T13:20:00+07:00
ORD005452,CUS000888,2026-07-01T10:29:00+07:00,completed,Da Nang,mobile_app,8460000.00,ecommerce_api,2026-07-01T10:29:00+07:00,2026-07-01T12:57:00+07:00
ORD005453,CUS000098,2026-07-01T20:47:00+07:00,completed,Hai Phong,mobile_app,273500.00,ecommerce_api,2026-07-01T20:47:00+07:00,2026-07-01T23:44:00+07:00
ORD005454,CUS000559,2026-07-01T08:07:00+07:00,completed,Hanoi,social,3528000.00,ecommerce_api,2026-07-01T08:07:00+07:00,2026-07-01T08:12:00+07:00
ORD005455,CUS000280,2026-07-01T11:02:00+07:00,completed,Da Nang,social,18657500.00,ecommerce_api,2026-07-01T11:02:00+07:00,2026-07-01T13:18:00+07:00
ORD005456,CUS000672,2026-07-01T20:31:00+07:00,completed,Nha Trang,mobile_app,11434000.00,ecommerce_api,2026-07-01T20:31:00+07:00,2026-07-01T23:13:00+07:00
ORD005457,CUS000909,2026-07-01T12:35:00+07:00,completed,Hanoi,mobile_app,7251000.00,ecommerce_api,2026-07-01T12:35:00+07:00,2026-07-01T14:30:00+07:00
ORD005458,CUS000292,2026-07-01T18:21:00+07:00,pending,Quang Ninh,web,16206000.00,ecommerce_api,2026-07-01T18:21:00+07:00,2026-07-01T20:16:00+07:00
ORD005459,CUS000092,2026-07-01T09:59:00+07:00,completed,Da Nang,web,16038000.00,ecommerce_api,2026-07-01T09:59:00+07:00,2026-07-01T12:58:00+07:00
ORD005460,CUS000593,2026-07-01T22:55:00+07:00,completed,Bac Ninh,social,8964000.00,ecommerce_api,2026-07-01T22:55:00+07:00,2026-07-02T01:21:00+07:00
ORD005461,CUS000658,2026-07-01T08:35:00+07:00,completed,Hanoi,web,3120000.00,ecommerce_api,2026-07-01T08:35:00+07:00,2026-07-01T09:29:00+07:00
ORD005462,CUS000845,2026-07-01T14:37:00+07:00,completed,Hue,mobile_app,15299000.00,ecommerce_api,2026-07-01T14:37:00+07:00,2026-07-01T15:27:00+07:00
ORD005463,CUS000825,2026-07-01T21:04:00+07:00,cancelled,Hanoi,mobile_app,11872000.00,ecommerce_api,2026-07-01T21:04:00+07:00,2026-07-01T22:49:00+07:00
ORD005464,CUS000778,2026-07-01T10:24:00+07:00,completed,Nha Trang,mobile_app,18960000.00,ecommerce_api,2026-07-01T10:24:00+07:00,2026-07-01T12:11:00+07:00
ORD005465,CUS000119,2026-07-01T10:55:00+07:00,completed,Quang Ninh,social,17823000.00,ecommerce_api,2026-07-01T10:55:00+07:00,2026-07-01T11:47:00+07:00
ORD005466,CUS000978,2026-07-01T21:05:00+07:00,completed,Ho Chi Minh City,social,4959000.00,ecommerce_api,2026-07-01T21:05:00+07:00,2026-07-01T23:05:00+07:00
ORD005467,CUS000107,2026-07-01T19:26:00+07:00,completed,Vinh,social,5823000.00,ecommerce_api,2026-07-01T19:26:00+07:00,2026-07-01T20:50:00+07:00
ORD005468,CUS000605,2026-07-01T08:01:00+07:00,shipped,Nha Trang,web,10970000.00,ecommerce_api,2026-07-01T08:01:00+07:00,2026-07-01T09:24:00+07:00
ORD005469,CUS000445,2026-07-01T14:42:00+07:00,cancelled,Can Tho,web,13884500.00,ecommerce_api,2026-07-01T14:42:00+07:00,2026-07-01T17:41:00+07:00
ORD005470,CUS000498,2026-07-01T18:19:00+07:00,confirmed,Can Tho,mobile_app,14242500.00,ecommerce_api,2026-07-01T18:19:00+07:00,2026-07-01T19:25:00+07:00
ORD005471,CUS000246,2026-07-01T15:43:00+07:00,shipped,Vinh,web,4920000.00,ecommerce_api,2026-07-01T15:43:00+07:00,2026-07-01T16:31:00+07:00
ORD005472,CUS000105,2026-07-01T08:12:00+07:00,confirmed,Vinh,mobile_app,4948000.00,ecommerce_api,2026-07-01T08:12:00+07:00,2026-07-01T11:06:00+07:00
ORD005473,CUS000255,2026-07-01T11:45:00+07:00,completed,Vinh,social,20444000.00,ecommerce_api,2026-07-01T11:45:00+07:00,2026-07-01T11:50:00+07:00
ORD005474,CUS000136,2026-07-01T11:03:00+07:00,pending,Quang Ninh,social,18168000.00,ecommerce_api,2026-07-01T11:03:00+07:00,2026-07-01T12:33:00+07:00
ORD005475,CUS000734,2026-07-01T17:44:00+07:00,confirmed,Hue,mobile_app,11202000.00,ecommerce_api,2026-07-01T17:44:00+07:00,2026-07-01T19:23:00+07:00
ORD005476,CUS000972,2026-07-01T15:17:00+07:00,confirmed,Hai Phong,web,8574000.00,ecommerce_api,2026-07-01T15:17:00+07:00,2026-07-01T16:06:00+07:00
ORD005477,CUS000774,2026-07-01T18:15:00+07:00,completed,Hue,social,3231000.00,ecommerce_api,2026-07-01T18:15:00+07:00,2026-07-01T19:22:00+07:00
ORD005478,CUS000436,2026-07-01T20:36:00+07:00,completed,Vinh,mobile_app,1920000.00,ecommerce_api,2026-07-01T20:36:00+07:00,2026-07-01T22:32:00+07:00
ORD005479,CUS000696,2026-07-01T10:42:00+07:00,completed,Da Nang,mobile_app,16112500.00,ecommerce_api,2026-07-01T10:42:00+07:00,2026-07-01T12:37:00+07:00
ORD005480,CUS000914,2026-07-01T21:54:00+07:00,shipped,Ho Chi Minh City,mobile_app,3731000.00,ecommerce_api,2026-07-01T21:54:00+07:00,2026-07-01T22:26:00+07:00
ORD005481,CUS000467,2026-07-01T20:52:00+07:00,completed,Hai Phong,mobile_app,13236000.00,ecommerce_api,2026-07-01T20:52:00+07:00,2026-07-01T22:10:00+07:00
ORD005482,CUS001021,2026-07-01T09:59:00+07:00,completed,Nha Trang,mobile_app,14812500.00,ecommerce_api,2026-07-01T09:59:00+07:00,2026-07-01T12:30:00+07:00
ORD005483,CUS000710,2026-07-01T15:13:00+07:00,shipped,Hai Phong,web,3270000.00,ecommerce_api,2026-07-01T15:13:00+07:00,2026-07-01T17:16:00+07:00
ORD005484,CUS000169,2026-07-01T19:07:00+07:00,shipped,Da Nang,social,25687000.00,ecommerce_api,2026-07-01T19:07:00+07:00,2026-07-01T21:19:00+07:00
ORD005485,CUS000005,2026-07-01T10:38:00+07:00,completed,Hai Phong,web,5685000.00,ecommerce_api,2026-07-01T10:38:00+07:00,2026-07-01T12:28:00+07:00
ORD005486,CUS000196,2026-07-01T11:35:00+07:00,confirmed,Hue,web,16298000.00,ecommerce_api,2026-07-01T11:35:00+07:00,2026-07-01T12:21:00+07:00
ORD005487,CUS000137,2026-07-01T22:50:00+07:00,pending,Hanoi,mobile_app,230000.00,ecommerce_api,2026-07-01T22:50:00+07:00,2026-07-02T00:16:00+07:00
ORD005488,CUS000548,2026-07-01T18:00:00+07:00,pending,Hue,web,12672000.00,ecommerce_api,2026-07-01T18:00:00+07:00,2026-07-01T20:01:00+07:00
ORD005489,CUS000103,2026-07-01T13:09:00+07:00,completed,Da Nang,web,11220500.00,ecommerce_api,2026-07-01T13:09:00+07:00,2026-07-01T15:46:00+07:00
ORD005490,CUS000942,2026-07-01T13:01:00+07:00,completed,Nha Trang,social,4140000.00,ecommerce_api,2026-07-01T13:01:00+07:00,2026-07-01T14:54:00+07:00
ORD005491,CUS000755,2026-07-01T15:37:00+07:00,completed,Can Tho,web,4710000.00,ecommerce_api,2026-07-01T15:37:00+07:00,2026-07-01T16:22:00+07:00
ORD005492,CUS000958,2026-07-01T08:43:00+07:00,shipped,Ho Chi Minh City,web,1090000.00,ecommerce_api,2026-07-01T08:43:00+07:00,2026-07-01T10:25:00+07:00
ORD005493,CUS000636,2026-07-01T08:13:00+07:00,completed,Hanoi,mobile_app,2130000.00,ecommerce_api,2026-07-01T08:13:00+07:00,2026-07-01T10:18:00+07:00
ORD005494,CUS001031,2026-07-01T22:04:00+07:00,completed,Can Tho,web,3555000.00,ecommerce_api,2026-07-01T22:04:00+07:00,2026-07-02T00:28:00+07:00
ORD005495,CUS000772,2026-07-01T17:57:00+07:00,completed,Vinh,web,11282500.00,ecommerce_api,2026-07-01T17:57:00+07:00,2026-07-01T20:12:00+07:00
ORD005496,CUS000608,2026-07-01T09:04:00+07:00,completed,Hai Phong,web,17757500.00,ecommerce_api,2026-07-01T09:04:00+07:00,2026-07-01T09:13:00+07:00
ORD005497,CUS000207,2026-07-01T18:09:00+07:00,confirmed,Ho Chi Minh City,social,23615000.00,ecommerce_api,2026-07-01T18:09:00+07:00,2026-07-01T21:00:00+07:00
ORD005498,CUS000577,2026-07-01T20:20:00+07:00,confirmed,Vinh,mobile_app,25097000.00,ecommerce_api,2026-07-01T20:20:00+07:00,2026-07-01T22:27:00+07:00
ORD005499,CUS000251,2026-07-01T20:17:00+07:00,shipped,Da Nang,web,10474000.00,ecommerce_api,2026-07-01T20:17:00+07:00,2026-07-01T22:23:00+07:00
ORD005500,CUS000106,2026-07-01T21:30:00+07:00,shipped,Hue,web,13704500.00,ecommerce_api,2026-07-01T21:30:00+07:00,2026-07-02T00:03:00+07:00
ORD005501,CUS000433,2026-07-01T21:27:00+07:00,completed,Nha Trang,social,9081000.00,ecommerce_api,2026-07-01T21:27:00+07:00,2026-07-02T00:27:00+07:00
ORD005502,CUS000651,2026-07-01T13:06:00+07:00,completed,Hanoi,web,4914000.00,ecommerce_api,2026-07-01T13:06:00+07:00,2026-07-01T15:45:00+07:00
ORD005503,CUS000995,2026-07-01T16:33:00+07:00,completed,Vinh,social,7118500.00,ecommerce_api,2026-07-01T16:33:00+07:00,2026-07-01T17:56:00+07:00
ORD005504,CUS000599,2026-07-01T20:24:00+07:00,completed,Can Tho,mobile_app,11746000.00,ecommerce_api,2026-07-01T20:24:00+07:00,2026-07-01T23:05:00+07:00
ORD005505,CUS000658,2026-07-01T11:17:00+07:00,shipped,Vinh,mobile_app,14795500.00,ecommerce_api,2026-07-01T11:17:00+07:00,2026-07-01T13:47:00+07:00
ORD005506,CUS000218,2026-07-01T12:46:00+07:00,completed,Da Nang,mobile_app,9740000.00,ecommerce_api,2026-07-01T12:46:00+07:00,2026-07-01T12:58:00+07:00
ORD005507,CUS001047,2026-07-01T19:54:00+07:00,completed,Hanoi,web,20310000.00,ecommerce_api,2026-07-01T19:54:00+07:00,2026-07-01T22:40:00+07:00
ORD005508,CUS000899,2026-07-01T09:09:00+07:00,completed,Hue,social,6467000.00,ecommerce_api,2026-07-01T09:09:00+07:00,2026-07-01T10:11:00+07:00
ORD005509,CUS000475,2026-07-01T09:51:00+07:00,cancelled,Ho Chi Minh City,social,8176500.00,ecommerce_api,2026-07-01T09:51:00+07:00,2026-07-01T10:31:00+07:00
ORD005510,CUS000364,2026-07-01T08:12:00+07:00,confirmed,Hai Phong,social,2760000.00,ecommerce_api,2026-07-01T08:12:00+07:00,2026-07-01T10:41:00+07:00
ORD005511,CUS000858,2026-07-01T22:29:00+07:00,confirmed,Bac Ninh,mobile_app,3771000.00,ecommerce_api,2026-07-01T22:29:00+07:00,2026-07-02T01:12:00+07:00
ORD005512,CUS000559,2026-07-01T11:28:00+07:00,confirmed,Nha Trang,web,26013000.00,ecommerce_api,2026-07-01T11:28:00+07:00,2026-07-01T11:34:00+07:00
ORD005513,CUS000880,2026-07-01T15:29:00+07:00,completed,Hue,mobile_app,11250000.00,ecommerce_api,2026-07-01T15:29:00+07:00,2026-07-01T15:35:00+07:00
ORD005514,CUS000633,2026-07-01T15:11:00+07:00,pending,Quang Ninh,web,8626500.00,ecommerce_api,2026-07-01T15:11:00+07:00,2026-07-01T17:51:00+07:00
ORD005515,CUS000740,2026-07-01T11:34:00+07:00,completed,Bac Ninh,web,6380000.00,ecommerce_api,2026-07-01T11:34:00+07:00,2026-07-01T11:46:00+07:00
ORD005516,CUS000253,2026-07-01T22:44:00+07:00,completed,Nha Trang,web,13922000.00,ecommerce_api,2026-07-01T22:44:00+07:00,2026-07-01T23:01:00+07:00
ORD005517,CUS000327,2026-07-01T20:20:00+07:00,completed,Hue,social,4835000.00,ecommerce_api,2026-07-01T20:20:00+07:00,2026-07-01T22:37:00+07:00
ORD005518,CUS000765,2026-07-01T09:34:00+07:00,completed,Da Nang,web,10041500.00,ecommerce_api,2026-07-01T09:34:00+07:00,2026-07-01T11:49:00+07:00
ORD005519,CUS000396,2026-07-01T08:53:00+07:00,confirmed,Quang Ninh,web,12632000.00,ecommerce_api,2026-07-01T08:53:00+07:00,2026-07-01T09:28:00+07:00
ORD005520,CUS000008,2026-07-01T22:48:00+07:00,shipped,Hue,web,10660000.00,ecommerce_api,2026-07-01T22:48:00+07:00,2026-07-01T23:56:00+07:00
ORD005521,CUS000144,2026-07-01T20:13:00+07:00,completed,Da Nang,social,12500000.00,ecommerce_api,2026-07-01T20:13:00+07:00,2026-07-01T21:54:00+07:00
ORD005522,CUS000143,2026-07-01T22:06:00+07:00,pending,Da Nang,social,9685000.00,ecommerce_api,2026-07-01T22:06:00+07:00,2026-07-02T00:10:00+07:00
ORD005523,CUS001015,2026-07-01T10:43:00+07:00,shipped,Can Tho,web,6246000.00,ecommerce_api,2026-07-01T10:43:00+07:00,2026-07-01T13:19:00+07:00
ORD005524,CUS000678,2026-07-01T17:59:00+07:00,confirmed,Bac Ninh,web,7620000.00,ecommerce_api,2026-07-01T17:59:00+07:00,2026-07-01T20:54:00+07:00
ORD005525,CUS000719,2026-07-01T08:58:00+07:00,completed,Hue,mobile_app,570000.00,ecommerce_api,2026-07-01T08:58:00+07:00,2026-07-01T11:08:00+07:00
ORD005526,CUS000795,2026-07-01T20:29:00+07:00,completed,Da Nang,social,5750000.00,ecommerce_api,2026-07-01T20:29:00+07:00,2026-07-01T22:25:00+07:00
ORD005527,CUS000160,2026-07-01T15:16:00+07:00,shipped,Hai Phong,social,16870000.00,ecommerce_api,2026-07-01T15:16:00+07:00,2026-07-01T17:33:00+07:00
ORD005528,CUS000742,2026-07-01T13:48:00+07:00,completed,Hai Phong,web,15346500.00,ecommerce_api,2026-07-01T13:48:00+07:00,2026-07-01T16:12:00+07:00
ORD005529,CUS000852,2026-07-01T18:01:00+07:00,confirmed,Ho Chi Minh City,mobile_app,14457000.00,ecommerce_api,2026-07-01T18:01:00+07:00,2026-07-01T20:52:00+07:00
ORD005530,CUS000866,2026-07-01T18:47:00+07:00,completed,Ho Chi Minh City,mobile_app,19703000.00,ecommerce_api,2026-07-01T18:47:00+07:00,2026-07-01T21:12:00+07:00
ORD005531,CUS000486,2026-07-01T09:57:00+07:00,cancelled,Da Nang,social,20230000.00,ecommerce_api,2026-07-01T09:57:00+07:00,2026-07-01T12:49:00+07:00
ORD005532,CUS000240,2026-07-01T22:24:00+07:00,completed,Hue,web,8469000.00,ecommerce_api,2026-07-01T22:24:00+07:00,2026-07-01T22:40:00+07:00
ORD005533,CUS000837,2026-07-01T21:16:00+07:00,completed,Nha Trang,mobile_app,5560000.00,ecommerce_api,2026-07-01T21:16:00+07:00,2026-07-01T21:50:00+07:00
ORD005534,CUS000419,2026-07-01T11:07:00+07:00,completed,Ho Chi Minh City,mobile_app,18623000.00,ecommerce_api,2026-07-01T11:07:00+07:00,2026-07-01T11:54:00+07:00
ORD005535,CUS000228,2026-07-01T16:39:00+07:00,completed,Vinh,web,8407000.00,ecommerce_api,2026-07-01T16:39:00+07:00,2026-07-01T17:22:00+07:00
ORD005536,CUS000658,2026-07-01T10:57:00+07:00,completed,Bac Ninh,web,6680000.00,ecommerce_api,2026-07-01T10:57:00+07:00,2026-07-01T11:43:00+07:00
ORD005537,CUS000764,2026-07-01T19:27:00+07:00,completed,Hanoi,social,14827000.00,ecommerce_api,2026-07-01T19:27:00+07:00,2026-07-01T21:07:00+07:00
ORD005538,CUS000505,2026-07-01T21:20:00+07:00,pending,Vinh,social,16490000.00,ecommerce_api,2026-07-01T21:20:00+07:00,2026-07-02T00:18:00+07:00
ORD005539,CUS000264,2026-07-01T15:52:00+07:00,confirmed,Nha Trang,social,446500.00,ecommerce_api,2026-07-01T15:52:00+07:00,2026-07-01T17:34:00+07:00
ORD005540,CUS001009,2026-07-01T14:14:00+07:00,completed,Can Tho,social,9990000.00,ecommerce_api,2026-07-01T14:14:00+07:00,2026-07-01T15:31:00+07:00
ORD005541,CUS001032,2026-07-01T20:37:00+07:00,completed,Da Nang,mobile_app,17421000.00,ecommerce_api,2026-07-01T20:37:00+07:00,2026-07-01T21:53:00+07:00
ORD005542,CUS000654,2026-07-01T13:17:00+07:00,completed,Ho Chi Minh City,mobile_app,7957000.00,ecommerce_api,2026-07-01T13:17:00+07:00,2026-07-01T16:01:00+07:00
ORD005543,CUS000845,2026-07-01T14:43:00+07:00,completed,Vinh,mobile_app,25764000.00,ecommerce_api,2026-07-01T14:43:00+07:00,2026-07-01T16:08:00+07:00
ORD005544,CUS000841,2026-07-01T08:38:00+07:00,completed,Hanoi,web,12400000.00,ecommerce_api,2026-07-01T08:38:00+07:00,2026-07-01T11:33:00+07:00
ORD005545,CUS000992,2026-07-01T10:05:00+07:00,completed,Quang Ninh,social,14005000.00,ecommerce_api,2026-07-01T10:05:00+07:00,2026-07-01T10:53:00+07:00
ORD005546,CUS000410,2026-07-01T10:54:00+07:00,shipped,Hue,mobile_app,20544000.00,ecommerce_api,2026-07-01T10:54:00+07:00,2026-07-01T11:43:00+07:00
ORD005547,CUS000877,2026-07-01T17:59:00+07:00,completed,Hanoi,mobile_app,4788000.00,ecommerce_api,2026-07-01T17:59:00+07:00,2026-07-01T19:50:00+07:00
ORD005548,CUS000269,2026-07-01T19:18:00+07:00,confirmed,Hanoi,mobile_app,12375000.00,ecommerce_api,2026-07-01T19:18:00+07:00,2026-07-01T20:12:00+07:00
ORD005549,CUS000327,2026-07-01T18:44:00+07:00,completed,Nha Trang,web,5006500.00,ecommerce_api,2026-07-01T18:44:00+07:00,2026-07-01T18:46:00+07:00
ORD005550,CUS001010,2026-07-01T14:15:00+07:00,confirmed,Ho Chi Minh City,web,12754000.00,ecommerce_api,2026-07-01T14:15:00+07:00,2026-07-01T14:45:00+07:00
ORD005551,CUS000632,2026-07-01T17:46:00+07:00,completed,Hanoi,web,11565000.00,ecommerce_api,2026-07-01T17:46:00+07:00,2026-07-01T20:16:00+07:00
ORD005552,CUS000391,2026-07-01T19:26:00+07:00,cancelled,Hanoi,web,16036000.00,ecommerce_api,2026-07-01T19:26:00+07:00,2026-07-01T22:18:00+07:00
ORD005553,CUS000475,2026-07-01T12:57:00+07:00,confirmed,Hanoi,social,9062000.00,ecommerce_api,2026-07-01T12:57:00+07:00,2026-07-01T14:22:00+07:00
ORD005554,CUS000403,2026-07-01T14:57:00+07:00,completed,Vinh,social,18372000.00,ecommerce_api,2026-07-01T14:57:00+07:00,2026-07-01T16:47:00+07:00
ORD005555,CUS000333,2026-07-01T10:17:00+07:00,completed,Hue,mobile_app,23225000.00,ecommerce_api,2026-07-01T10:17:00+07:00,2026-07-01T10:46:00+07:00
ORD005556,CUS000977,2026-07-01T13:28:00+07:00,shipped,Quang Ninh,web,6420500.00,ecommerce_api,2026-07-01T13:28:00+07:00,2026-07-01T16:13:00+07:00
ORD005557,CUS000758,2026-07-01T17:40:00+07:00,completed,Bac Ninh,mobile_app,20820000.00,ecommerce_api,2026-07-01T17:40:00+07:00,2026-07-01T18:05:00+07:00
ORD005558,CUS000776,2026-07-01T19:46:00+07:00,cancelled,Hanoi,web,21688000.00,ecommerce_api,2026-07-01T19:46:00+07:00,2026-07-01T21:18:00+07:00
ORD005559,CUS000724,2026-07-01T11:58:00+07:00,completed,Vinh,web,15749000.00,ecommerce_api,2026-07-01T11:58:00+07:00,2026-07-01T13:50:00+07:00
ORD005560,CUS000147,2026-07-01T20:02:00+07:00,confirmed,Quang Ninh,social,16208000.00,ecommerce_api,2026-07-01T20:02:00+07:00,2026-07-01T21:54:00+07:00
ORD005561,CUS000098,2026-07-01T12:34:00+07:00,completed,Ho Chi Minh City,social,19284500.00,ecommerce_api,2026-07-01T12:34:00+07:00,2026-07-01T14:46:00+07:00
ORD005562,CUS000873,2026-07-01T19:57:00+07:00,completed,Quang Ninh,web,11423000.00,ecommerce_api,2026-07-01T19:57:00+07:00,2026-07-01T22:19:00+07:00
ORD005563,CUS000240,2026-07-01T22:07:00+07:00,pending,Ho Chi Minh City,web,9310000.00,ecommerce_api,2026-07-01T22:07:00+07:00,2026-07-01T23:32:00+07:00
ORD005564,CUS000441,2026-07-01T10:13:00+07:00,completed,Hanoi,social,21875000.00,ecommerce_api,2026-07-01T10:13:00+07:00,2026-07-01T12:53:00+07:00
ORD005565,CUS000408,2026-07-01T20:22:00+07:00,shipped,Ho Chi Minh City,web,10504000.00,ecommerce_api,2026-07-01T20:22:00+07:00,2026-07-01T20:46:00+07:00
ORD005566,CUS000048,2026-07-01T10:24:00+07:00,confirmed,Nha Trang,web,25109500.00,ecommerce_api,2026-07-01T10:24:00+07:00,2026-07-01T11:56:00+07:00
ORD005567,CUS000079,2026-07-01T16:39:00+07:00,cancelled,Ho Chi Minh City,mobile_app,22311000.00,ecommerce_api,2026-07-01T16:39:00+07:00,2026-07-01T19:11:00+07:00
ORD005568,CUS000916,2026-07-01T21:48:00+07:00,completed,Can Tho,web,12677000.00,ecommerce_api,2026-07-01T21:48:00+07:00,2026-07-01T23:25:00+07:00
ORD005569,CUS000388,2026-07-01T17:46:00+07:00,shipped,Can Tho,web,26214000.00,ecommerce_api,2026-07-01T17:46:00+07:00,2026-07-01T20:01:00+07:00
ORD005570,CUS000232,2026-07-01T08:29:00+07:00,cancelled,Hanoi,web,1368000.00,ecommerce_api,2026-07-01T08:29:00+07:00,2026-07-01T10:29:00+07:00
ORD005571,CUS000451,2026-07-01T11:41:00+07:00,confirmed,Can Tho,web,1150000.00,ecommerce_api,2026-07-01T11:41:00+07:00,2026-07-01T12:48:00+07:00
ORD005572,CUS001013,2026-07-01T13:16:00+07:00,completed,Hanoi,web,14145000.00,ecommerce_api,2026-07-01T13:16:00+07:00,2026-07-01T15:34:00+07:00
ORD005573,CUS000319,2026-07-01T16:02:00+07:00,completed,Hai Phong,social,8246000.00,ecommerce_api,2026-07-01T16:02:00+07:00,2026-07-01T16:11:00+07:00
ORD005574,CUS000735,2026-07-01T12:38:00+07:00,shipped,Da Nang,web,23773000.00,ecommerce_api,2026-07-01T12:38:00+07:00,2026-07-01T13:20:00+07:00
ORD005575,CUS000541,2026-07-01T13:56:00+07:00,shipped,Hue,social,13400500.00,ecommerce_api,2026-07-01T13:56:00+07:00,2026-07-01T15:17:00+07:00
ORD005576,CUS000967,2026-07-01T14:31:00+07:00,confirmed,Ho Chi Minh City,web,8845000.00,ecommerce_api,2026-07-01T14:31:00+07:00,2026-07-01T15:34:00+07:00
ORD005577,CUS000077,2026-07-01T13:40:00+07:00,completed,Da Nang,mobile_app,6925000.00,ecommerce_api,2026-07-01T13:40:00+07:00,2026-07-01T14:18:00+07:00
ORD005578,CUS000662,2026-07-01T17:37:00+07:00,completed,Hue,web,16736500.00,ecommerce_api,2026-07-01T17:37:00+07:00,2026-07-01T20:26:00+07:00
ORD005579,CUS000895,2026-07-01T08:50:00+07:00,completed,Bac Ninh,mobile_app,15157500.00,ecommerce_api,2026-07-01T08:50:00+07:00,2026-07-01T10:51:00+07:00
ORD005580,CUS000354,2026-07-01T11:05:00+07:00,completed,Hai Phong,mobile_app,25890000.00,ecommerce_api,2026-07-01T11:05:00+07:00,2026-07-01T13:28:00+07:00
ORD005581,CUS000275,2026-07-01T17:18:00+07:00,shipped,Vinh,mobile_app,7501500.00,ecommerce_api,2026-07-01T17:18:00+07:00,2026-07-01T17:27:00+07:00
ORD005582,CUS000363,2026-07-01T17:20:00+07:00,shipped,Hue,mobile_app,5868500.00,ecommerce_api,2026-07-01T17:20:00+07:00,2026-07-01T17:59:00+07:00
ORD005583,CUS000399,2026-07-01T21:22:00+07:00,shipped,Hue,social,8194000.00,ecommerce_api,2026-07-01T21:22:00+07:00,2026-07-01T21:58:00+07:00
ORD005584,CUS000818,2026-07-01T14:08:00+07:00,shipped,Hue,social,12720000.00,ecommerce_api,2026-07-01T14:08:00+07:00,2026-07-01T15:07:00+07:00
ORD005585,CUS000861,2026-07-01T14:00:00+07:00,completed,Hanoi,web,700000.00,ecommerce_api,2026-07-01T14:00:00+07:00,2026-07-01T14:45:00+07:00
ORD005586,CUS000096,2026-07-01T08:22:00+07:00,completed,Da Nang,social,9060000.00,ecommerce_api,2026-07-01T08:22:00+07:00,2026-07-01T10:38:00+07:00
ORD005587,CUS000010,2026-07-01T19:37:00+07:00,confirmed,Bac Ninh,mobile_app,4740000.00,ecommerce_api,2026-07-01T19:37:00+07:00,2026-07-01T22:32:00+07:00
ORD005588,CUS000072,2026-07-01T21:09:00+07:00,cancelled,Ho Chi Minh City,mobile_app,2112000.00,ecommerce_api,2026-07-01T21:09:00+07:00,2026-07-01T22:53:00+07:00
ORD005589,CUS000709,2026-07-01T21:05:00+07:00,completed,Quang Ninh,web,15080000.00,ecommerce_api,2026-07-01T21:05:00+07:00,2026-07-01T23:34:00+07:00
ORD005590,CUS000078,2026-07-01T14:46:00+07:00,completed,Vinh,mobile_app,21510000.00,ecommerce_api,2026-07-01T14:46:00+07:00,2026-07-01T16:11:00+07:00
ORD005591,CUS000129,2026-07-01T18:45:00+07:00,completed,Can Tho,web,14916000.00,ecommerce_api,2026-07-01T18:45:00+07:00,2026-07-01T20:58:00+07:00
ORD005592,CUS000465,2026-07-01T11:38:00+07:00,shipped,Ho Chi Minh City,web,4940000.00,ecommerce_api,2026-07-01T11:38:00+07:00,2026-07-01T12:43:00+07:00
ORD005593,CUS000470,2026-07-01T14:22:00+07:00,shipped,Can Tho,social,13179000.00,ecommerce_api,2026-07-01T14:22:00+07:00,2026-07-01T15:17:00+07:00
ORD005594,CUS000418,2026-07-01T18:33:00+07:00,completed,Ho Chi Minh City,social,17523000.00,ecommerce_api,2026-07-01T18:33:00+07:00,2026-07-01T20:18:00+07:00
ORD005595,CUS000239,2026-07-01T15:19:00+07:00,completed,Quang Ninh,social,5760000.00,ecommerce_api,2026-07-01T15:19:00+07:00,2026-07-01T18:17:00+07:00
ORD005596,CUS000220,2026-07-01T14:01:00+07:00,completed,Nha Trang,mobile_app,6676000.00,ecommerce_api,2026-07-01T14:01:00+07:00,2026-07-01T16:39:00+07:00
ORD005597,CUS000340,2026-07-01T11:04:00+07:00,cancelled,Da Nang,web,8252000.00,ecommerce_api,2026-07-01T11:04:00+07:00,2026-07-01T13:46:00+07:00
ORD005598,CUS000730,2026-07-01T17:44:00+07:00,cancelled,Ho Chi Minh City,web,6740000.00,ecommerce_api,2026-07-01T17:44:00+07:00,2026-07-01T20:41:00+07:00
ORD005599,CUS000109,2026-07-01T16:46:00+07:00,completed,Hue,mobile_app,11961000.00,ecommerce_api,2026-07-01T16:46:00+07:00,2026-07-01T16:52:00+07:00
ORD005600,CUS000654,2026-07-01T18:55:00+07:00,confirmed,Nha Trang,mobile_app,14630000.00,ecommerce_api,2026-07-01T18:55:00+07:00,2026-07-01T20:27:00+07:00
