customer_id,recency_days,frequency,monetary,r_score,f_score,m_score,rfm_segment,segment_name,aov,ltv
CUS000001,105,8,86839000.00,4,5,5,455,Champions,10854875.00,86839000.00
CUS000002,139,8,95212000.00,2,5,5,255,At Risk,11901500.00,95212000.00
CUS000003,161,3,37051500.00,2,3,2,232,At Risk,12350500.00,37051500.00
CUS000004,215,2,31991500.00,1,2,2,122,Hibernating,15995750.00,31991500.00
CUS000005,129,5,82329000.00,3,4,5,345,Loyal,16465800.00,82329000.00
CUS000006,107,3,20019500.00,4,3,1,431,Loyal,6673166.67,20019500.00
CUS000007,161,2,26072000.00,2,2,2,222,Hibernating,13036000.00,26072000.00
CUS000008,189,2,26820500.00,1,2,2,122,Hibernating,13410250.00,26820500.00
CUS000009,195,1,15381000.00,1,1,1,111,Hibernating,15381000.00,15381000.00
CUS000010,101,4,76384500.00,5,4,5,545,Champions,19096125.00,76384500.00
CUS000011,143,4,40587500.00,2,4,3,243,At Risk,10146875.00,40587500.00
CUS000012,91,5,75214000.00,5,4,5,545,Champions,15042800.00,75214000.00
CUS000013,109,5,85871000.00,4,4,5,445,Champions,17174200.00,85871000.00
CUS000014,195,1,4870000.00,1,1,1,111,Hibernating,4870000.00,4870000.00
CUS000015,120,3,51498000.00,3,3,3,333,Loyal,17166000.00,51498000.00
CUS000016,104,4,63229000.00,4,4,4,444,Champions,15807250.00,63229000.00
CUS000017,174,3,54933500.00,1,3,4,134,At Risk,18311166.67,54933500.00
CUS000018,100,5,107020000.00,5,4,5,545,Champions,21404000.00,107020000.00
CUS000019,105,3,11843000.00,4,3,1,431,Loyal,3947666.67,11843000.00
CUS000020,135,2,27283500.00,2,2,2,222,Hibernating,13641750.00,27283500.00
