payment_id,order_id,payment_date,payment_method,payment_status,amount,source_system,created_at,updated_at
PAY004518,ORD005001,2026-07-01 16:35:00+00:00,bank_transfer,success,19156500.0,ecommerce_api,2026-07-01 16:35:00+00:00,2026-07-01 16:35:00+00:00
PAY004519,ORD005002,2026-07-01 15:14:00+00:00,card,failed,7092000.0,ecommerce_api,2026-07-01 15:14:00+00:00,2026-07-01 15:14:00+00:00
PAY004520,ORD005003,2026-07-01 08:51:00+00:00,e_wallet,success,14082500.0,ecommerce_api,2026-07-01 08:51:00+00:00,2026-07-01 08:51:00+00:00
PAY004521,ORD005005,2026-07-01 02:54:00+00:00,bank_transfer,success,13172000.0,ecommerce_api,2026-07-01 02:54:00+00:00,2026-07-01 02:54:00+00:00
PAY004522,ORD005006,2026-07-01 08:39:00+00:00,bank_transfer,success,15050000.0,ecommerce_api,2026-07-01 08:39:00+00:00,2026-07-01 08:39:00+00:00
PAY004523,ORD005007,2026-07-01 04:51:00+00:00,e_wallet,failed,17774000.0,ecommerce_api,2026-07-01 04:51:00+00:00,2026-07-01 04:51:00+00:00
PAY004524,ORD005008,2026-07-01 13:48:00+00:00,e_wallet,success,14760000.0,ecommerce_api,2026-07-01 13:48:00+00:00,2026-07-01 13:48:00+00:00
PAY004525,ORD005009,2026-07-01 06:42:00+00:00,e_wallet,success,5010000.0,ecommerce_api,2026-07-01 06:42:00+00:00,2026-07-01 06:42:00+00:00
PAY004526,ORD005010,2026-07-01 04:08:00+00:00,card,failed,722000.0,ecommerce_api,2026-07-01 04:08:00+00:00,2026-07-01 04:08:00+00:00
PAY004527,ORD005011,2026-07-01 07:06:00+00:00,card,success,3730000.0,ecommerce_api,2026-07-01 07:06:00+00:00,2026-07-01 07:06:00+00:00
PAY004528,ORD005012,2026-07-01 19:47:00+00:00,cash,success,17515000.0,ecommerce_api,2026-07-01 19:47:00+00:00,2026-07-01 19:47:00+00:00
PAY004529,ORD005013,2026-07-01 06:38:00+00:00,card,success,7036500.0,ecommerce_api,2026-07-01 06:38:00+00:00,2026-07-01 06:38:00+00:00
PAY004530,ORD005014,2026-07-01 16:21:00+00:00,bank_transfer,success,7155000.0,ecommerce_api,2026-07-01 16:21:00+00:00,2026-07-01 16:21:00+00:00
PAY004531,ORD005015,2026-07-01 12:01:00+00:00,bank_transfer,success,7137000.0,ecommerce_api,2026-07-01 12:01:00+00:00,2026-07-01 12:01:00+00:00
PAY004532,ORD005016,2026-07-01 09:48:00+00:00,bank_transfer,pending,8892500.0,ecommerce_api,2026-07-01 09:48:00+00:00,2026-07-01 09:48:00+00:00
PAY004533,ORD005017,2026-07-01 15:36:00+00:00,cash,success,1662500.0,ecommerce_api,2026-07-01 15:36:00+00:00,2026-07-01 15:36:00+00:00
PAY004534,ORD005018,2026-07-01 11:08:00+00:00,cash,success,5610000.0,ecommerce_api,2026-07-01 11:08:00+00:00,2026-07-01 11:08:00+00:00
PAY004535,ORD005019,2026-07-01 18:41:00+00:00,card,failed,7682500.0,ecommerce_api,2026-07-01 18:41:00+00:00,2026-07-01 18:41:00+00:00
PAY004536,ORD005020,2026-07-01 13:54:00+00:00,bank_transfer,success,25895000.0,ecommerce_api,2026-07-01 13:54:00+00:00,2026-07-01 13:54:00+00:00
PAY004537,ORD005022,2026-07-01 07:33:00+00:00,cash,success,2510000.0,ecommerce_api,2026-07-01 07:33:00+00:00,2026-07-01 07:33:00+00:00
PAY004538,ORD005024,2026-07-01 17:42:00+00:00,cash,pending,3308000.0,ecommerce_api,2026-07-01 17:42:00+00:00,2026-07-01 17:42:00+00:00
PAY004539,ORD005025,2026-07-01 05:43:00+00:00,bank_transfer,success,18185000.0,ecommerce_api,2026-07-01 05:43:00+00:00,2026-07-01 05:43:00+00:00
PAY004540,ORD005026,2026-07-01 08:14:00+00:00,e_wallet,success,19192000.0,ecommerce_api,2026-07-01 08:14:00+00:00,2026-07-01 08:14:00+00:00
PAY004541,ORD005027,2026-07-01 15:38:00+00:00,card,failed,12221000.0,ecommerce_api,2026-07-01 15:38:00+00:00,2026-07-01 15:38:00+00:00
PAY004542,ORD005028,2026-07-01 14:51:00+00:00,e_wallet,success,18062500.0,ecommerce_api,2026-07-01 14:51:00+00:00,2026-07-01 14:51:00+00:00
PAY004543,ORD005029,2026-07-01 05:09:00+00:00,bank_transfer,success,25923000.0,ecommerce_api,2026-07-01 05:09:00+00:00,2026-07-01 05:09:00+00:00
PAY004544,ORD005030,2026-07-01 14:16:00+00:00,card,success,14668000.0,ecommerce_api,2026-07-01 14:16:00+00:00,2026-07-01 14:16:00+00:00
PAY004545,ORD005032,2026-07-01 09:15:00+00:00,card,pending,13233500.0,ecommerce_api,2026-07-01 09:15:00+00:00,2026-07-01 09:15:00+00:00
PAY004546,ORD005034,2026-07-01 10:32:00+00:00,card,success,1180000.0,ecommerce_api,2026-07-01 10:32:00+00:00,2026-07-01 10:32:00+00:00
PAY004547,ORD005035,2026-07-01 13:14:00+00:00,bank_transfer,pending,8451000.0,ecommerce_api,2026-07-01 13:14:00+00:00,2026-07-01 13:14:00+00:00
PAY004548,ORD005036,2026-07-01 13:00:00+00:00,e_wallet,success,17739500.0,ecommerce_api,2026-07-01 13:00:00+00:00,2026-07-01 13:00:00+00:00
PAY004549,ORD005037,2026-07-01 03:23:00+00:00,card,success,27325000.0,ecommerce_api,2026-07-01 03:23:00+00:00,2026-07-01 03:23:00+00:00
PAY004550,ORD005038,2026-07-01 18:14:00+00:00,cash,success,9950000.0,ecommerce_api,2026-07-01 18:14:00+00:00,2026-07-01 18:14:00+00:00
PAY004551,ORD005039,2026-07-01 18:04:00+00:00,bank_transfer,success,10378000.0,ecommerce_api,2026-07-01 18:04:00+00:00,2026-07-01 18:04:00+00:00
PAY004552,ORD005040,2026-07-01 06:12:00+00:00,e_wallet,failed,10010000.0,ecommerce_api,2026-07-01 06:12:00+00:00,2026-07-01 06:12:00+00:00
PAY004553,ORD005041,2026-07-01 11:15:00+00:00,cash,success,15350000.0,ecommerce_api,2026-07-01 11:15:00+00:00,2026-07-01 11:15:00+00:00
PAY004554,ORD005042,2026-07-01 16:00:00+00:00,card,failed,7770000.0,ecommerce_api,2026-07-01 16:00:00+00:00,2026-07-01 16:00:00+00:00
PAY004555,ORD005043,2026-07-01 06:25:00+00:00,bank_transfer,success,13820000.0,ecommerce_api,2026-07-01 06:25:00+00:00,2026-07-01 06:25:00+00:00
PAY004556,ORD005044,2026-07-01 18:43:00+00:00,card,failed,7831000.0,ecommerce_api,2026-07-01 18:43:00+00:00,2026-07-01 18:43:00+00:00
PAY004557,ORD005045,2026-07-01 09:47:00+00:00,cash,success,32749000.0,ecommerce_api,2026-07-01 09:47:00+00:00,2026-07-01 09:47:00+00:00
PAY004558,ORD005046,2026-07-01 15:24:00+00:00,card,success,4550500.0,ecommerce_api,2026-07-01 15:24:00+00:00,2026-07-01 15:24:00+00:00
PAY004559,ORD005047,2026-07-01 13:28:00+00:00,bank_transfer,pending,10290000.0,ecommerce_api,2026-07-01 13:28:00+00:00,2026-07-01 13:28:00+00:00
PAY004560,ORD005048,2026-07-01 09:23:00+00:00,e_wallet,failed,13246500.0,ecommerce_api,2026-07-01 09:23:00+00:00,2026-07-01 09:23:00+00:00
PAY004561,ORD005049,2026-07-01 08:39:00+00:00,bank_transfer,success,19360000.0,ecommerce_api,2026-07-01 08:39:00+00:00,2026-07-01 08:39:00+00:00
PAY004562,ORD005050,2026-07-01 06:01:00+00:00,card,success,11304500.0,ecommerce_api,2026-07-01 06:01:00+00:00,2026-07-01 06:01:00+00:00
PAY004563,ORD005051,2026-07-01 06:24:00+00:00,cash,pending,12833000.0,ecommerce_api,2026-07-01 06:24:00+00:00,2026-07-01 06:24:00+00:00
PAY004564,ORD005052,2026-07-01 07:46:00+00:00,e_wallet,success,9059500.0,ecommerce_api,2026-07-01 07:46:00+00:00,2026-07-01 07:46:00+00:00
PAY004565,ORD005053,2026-07-01 12:38:00+00:00,cash,success,26400000.0,ecommerce_api,2026-07-01 12:38:00+00:00,2026-07-01 12:38:00+00:00
PAY004566,ORD005056,2026-07-01 17:54:00+00:00,card,pending,9252000.0,ecommerce_api,2026-07-01 17:54:00+00:00,2026-07-01 17:54:00+00:00
PAY004567,ORD005057,2026-07-01 03:52:00+00:00,e_wallet,pending,20873000.0,ecommerce_api,2026-07-01 03:52:00+00:00,2026-07-01 03:52:00+00:00
PAY004568,ORD005058,2026-07-01 03:36:00+00:00,bank_transfer,success,5679000.0,ecommerce_api,2026-07-01 03:36:00+00:00,2026-07-01 03:36:00+00:00
PAY004569,ORD005059,2026-07-01 06:51:00+00:00,card,success,13628000.0,ecommerce_api,2026-07-01 06:51:00+00:00,2026-07-01 06:51:00+00:00
PAY004570,ORD005060,2026-07-01 16:05:00+00:00,cash,success,14384500.0,ecommerce_api,2026-07-01 16:05:00+00:00,2026-07-01 16:05:00+00:00
PAY004571,ORD005061,2026-07-01 16:05:00+00:00,e_wallet,success,26010000.0,ecommerce_api,2026-07-01 16:05:00+00:00,2026-07-01 16:05:00+00:00
PAY004572,ORD005062,2026-07-01 15:26:00+00:00,bank_transfer,success,5323500.0,ecommerce_api,2026-07-01 15:26:00+00:00,2026-07-01 15:26:00+00:00
PAY004573,ORD005063,2026-07-01 10:44:00+00:00,bank_transfer,success,20120000.0,ecommerce_api,2026-07-01 10:44:00+00:00,2026-07-01 10:44:00+00:00
PAY004574,ORD005064,2026-07-01 09:45:00+00:00,bank_transfer,success,18933000.0,ecommerce_api,2026-07-01 09:45:00+00:00,2026-07-01 09:45:00+00:00
PAY004575,ORD005065,2026-07-01 10:33:00+00:00,cash,success,8716500.0,ecommerce_api,2026-07-01 10:33:00+00:00,2026-07-01 10:33:00+00:00
PAY004576,ORD005066,2026-07-01 15:38:00+00:00,card,success,21274500.0,ecommerce_api,2026-07-01 15:38:00+00:00,2026-07-01 15:38:00+00:00
PAY004577,ORD005067,2026-07-01 08:14:00+00:00,cash,failed,7724000.0,ecommerce_api,2026-07-01 08:14:00+00:00,2026-07-01 08:14:00+00:00
PAY004578,ORD005068,2026-07-01 18:40:00+00:00,e_wallet,pending,22080000.0,ecommerce_api,2026-07-01 18:40:00+00:00,2026-07-01 18:40:00+00:00
PAY004579,ORD005069,2026-07-01 02:17:00+00:00,e_wallet,success,18385000.0,ecommerce_api,2026-07-01 02:17:00+00:00,2026-07-01 02:17:00+00:00
PAY004580,ORD005070,2026-07-01 13:29:00+00:00,cash,success,23190000.0,ecommerce_api,2026-07-01 13:29:00+00:00,2026-07-01 13:29:00+00:00
PAY004581,ORD005071,2026-07-01 06:38:00+00:00,card,failed,10674000.0,ecommerce_api,2026-07-01 06:38:00+00:00,2026-07-01 06:38:00+00:00
PAY004582,ORD005072,2026-07-01 07:52:00+00:00,card,success,11666000.0,ecommerce_api,2026-07-01 07:52:00+00:00,2026-07-01 07:52:00+00:00
PAY004583,ORD005073,2026-07-01 08:43:00+00:00,bank_transfer,success,26507000.0,ecommerce_api,2026-07-01 08:43:00+00:00,2026-07-01 08:43:00+00:00
PAY004584,ORD005074,2026-07-01 12:55:00+00:00,cash,success,6280000.0,ecommerce_api,2026-07-01 12:55:00+00:00,2026-07-01 12:55:00+00:00
PAY004585,ORD005075,2026-07-01 18:23:00+00:00,cash,success,13750000.0,ecommerce_api,2026-07-01 18:23:00+00:00,2026-07-01 18:23:00+00:00
PAY004586,ORD005076,2026-07-01 08:06:00+00:00,card,success,12130000.0,ecommerce_api,2026-07-01 08:06:00+00:00,2026-07-01 08:06:00+00:00
PAY004587,ORD005077,2026-07-01 05:16:00+00:00,card,success,9684000.0,ecommerce_api,2026-07-01 05:16:00+00:00,2026-07-01 05:16:00+00:00
PAY004588,ORD005078,2026-07-01 18:51:00+00:00,bank_transfer,success,17685000.0,ecommerce_api,2026-07-01 18:51:00+00:00,2026-07-01 18:51:00+00:00
PAY004589,ORD005079,2026-07-01 07:33:00+00:00,cash,success,3190000.0,ecommerce_api,2026-07-01 07:33:00+00:00,2026-07-01 07:33:00+00:00
PAY004590,ORD005080,2026-07-01 08:34:00+00:00,bank_transfer,pending,10975000.0,ecommerce_api,2026-07-01 08:34:00+00:00,2026-07-01 08:34:00+00:00
PAY004591,ORD005081,2026-07-01 09:58:00+00:00,bank_transfer,success,22855000.0,ecommerce_api,2026-07-01 09:58:00+00:00,2026-07-01 09:58:00+00:00
PAY004592,ORD005082,2026-07-01 17:31:00+00:00,bank_transfer,pending,11169000.0,ecommerce_api,2026-07-01 17:31:00+00:00,2026-07-01 17:31:00+00:00
PAY004593,ORD005083,2026-07-01 08:20:00+00:00,cash,success,22788000.0,ecommerce_api,2026-07-01 08:20:00+00:00,2026-07-01 08:20:00+00:00
PAY004594,ORD005084,2026-07-01 04:42:00+00:00,bank_transfer,success,6642000.0,ecommerce_api,2026-07-01 04:42:00+00:00,2026-07-01 04:42:00+00:00
PAY004595,ORD005085,2026-07-01 10:05:00+00:00,card,success,10970000.0,ecommerce_api,2026-07-01 10:05:00+00:00,2026-07-01 10:05:00+00:00
PAY004596,ORD005086,2026-07-01 16:29:00+00:00,e_wallet,success,5190000.0,ecommerce_api,2026-07-01 16:29:00+00:00,2026-07-01 16:29:00+00:00
PAY004597,ORD005087,2026-07-01 16:00:00+00:00,card,success,10113000.0,ecommerce_api,2026-07-01 16:00:00+00:00,2026-07-01 16:00:00+00:00
PAY004598,ORD005088,2026-07-01 19:33:00+00:00,card,pending,9462000.0,ecommerce_api,2026-07-01 19:33:00+00:00,2026-07-01 19:33:00+00:00
PAY004599,ORD005089,2026-07-01 15:01:00+00:00,e_wallet,pending,6980000.0,ecommerce_api,2026-07-01 15:01:00+00:00,2026-07-01 15:01:00+00:00
PAY004600,ORD005090,2026-07-01 06:37:00+00:00,e_wallet,success,9813500.0,ecommerce_api,2026-07-01 06:37:00+00:00,2026-07-01 06:37:00+00:00
PAY004601,ORD005091,2026-07-01 17:33:00+00:00,card,success,5782000.0,ecommerce_api,2026-07-01 17:33:00+00:00,2026-07-01 17:33:00+00:00
PAY004602,ORD005092,2026-07-01 06:08:00+00:00,cash,success,18936000.0,ecommerce_api,2026-07-01 06:08:00+00:00,2026-07-01 06:08:00+00:00
PAY004603,ORD005095,2026-07-01 19:07:00+00:00,cash,failed,11060000.0,ecommerce_api,2026-07-01 19:07:00+00:00,2026-07-01 19:07:00+00:00
PAY004604,ORD005096,2026-07-01 14:24:00+00:00,e_wallet,failed,17235000.0,ecommerce_api,2026-07-01 14:24:00+00:00,2026-07-01 14:24:00+00:00
PAY004605,ORD005098,2026-07-01 11:38:00+00:00,bank_transfer,success,8654500.0,ecommerce_api,2026-07-01 11:38:00+00:00,2026-07-01 11:38:00+00:00
PAY004606,ORD005099,2026-07-01 07:37:00+00:00,bank_transfer,success,15001500.0,ecommerce_api,2026-07-01 07:37:00+00:00,2026-07-01 07:37:00+00:00
PAY004607,ORD005101,2026-07-01 15:51:00+00:00,card,pending,7690000.0,ecommerce_api,2026-07-01 15:51:00+00:00,2026-07-01 15:51:00+00:00
PAY004608,ORD005102,2026-07-01 16:00:00+00:00,cash,pending,19108000.0,ecommerce_api,2026-07-01 16:00:00+00:00,2026-07-01 16:00:00+00:00
PAY004609,ORD005103,2026-07-01 06:16:00+00:00,e_wallet,success,11191000.0,ecommerce_api,2026-07-01 06:16:00+00:00,2026-07-01 06:16:00+00:00
PAY004610,ORD005104,2026-07-01 08:12:00+00:00,bank_transfer,success,23003000.0,ecommerce_api,2026-07-01 08:12:00+00:00,2026-07-01 08:12:00+00:00
PAY004611,ORD005106,2026-07-01 12:52:00+00:00,card,success,12975000.0,ecommerce_api,2026-07-01 12:52:00+00:00,2026-07-01 12:52:00+00:00
PAY004612,ORD005107,2026-07-01 05:25:00+00:00,e_wallet,success,11590000.0,ecommerce_api,2026-07-01 05:25:00+00:00,2026-07-01 05:25:00+00:00
PAY004613,ORD005108,2026-07-01 10:30:00+00:00,e_wallet,success,3980500.0,ecommerce_api,2026-07-01 10:30:00+00:00,2026-07-01 10:30:00+00:00
PAY004614,ORD005109,2026-07-01 10:43:00+00:00,e_wallet,success,6957000.0,ecommerce_api,2026-07-01 10:43:00+00:00,2026-07-01 10:43:00+00:00
PAY004615,ORD005110,2026-07-01 10:13:00+00:00,e_wallet,success,17647000.0,ecommerce_api,2026-07-01 10:13:00+00:00,2026-07-01 10:13:00+00:00
PAY004616,ORD005111,2026-07-01 15:33:00+00:00,e_wallet,success,3201500.0,ecommerce_api,2026-07-01 15:33:00+00:00,2026-07-01 15:33:00+00:00
PAY004617,ORD005112,2026-07-01 16:54:00+00:00,bank_transfer,failed,4512500.0,ecommerce_api,2026-07-01 16:54:00+00:00,2026-07-01 16:54:00+00:00
PAY004618,ORD005113,2026-07-01 08:23:00+00:00,bank_transfer,success,11802000.0,ecommerce_api,2026-07-01 08:23:00+00:00,2026-07-01 08:23:00+00:00
PAY004619,ORD005114,2026-07-01 13:58:00+00:00,e_wallet,success,11812500.0,ecommerce_api,2026-07-01 13:58:00+00:00,2026-07-01 13:58:00+00:00
PAY004620,ORD005115,2026-07-01 10:26:00+00:00,e_wallet,success,7028500.0,ecommerce_api,2026-07-01 10:26:00+00:00,2026-07-01 10:26:00+00:00
PAY004621,ORD005116,2026-07-01 15:27:00+00:00,bank_transfer,success,15268000.0,ecommerce_api,2026-07-01 15:27:00+00:00,2026-07-01 15:27:00+00:00
PAY004622,ORD005117,2026-07-01 14:17:00+00:00,card,failed,15380000.0,ecommerce_api,2026-07-01 14:17:00+00:00,2026-07-01 14:17:00+00:00
PAY004623,ORD005118,2026-07-01 16:11:00+00:00,bank_transfer,success,20243500.0,ecommerce_api,2026-07-01 16:11:00+00:00,2026-07-01 16:11:00+00:00
PAY004624,ORD005119,2026-07-01 02:07:00+00:00,e_wallet,failed,10500000.0,ecommerce_api,2026-07-01 02:07:00+00:00,2026-07-01 02:07:00+00:00
PAY004625,ORD005120,2026-07-01 08:31:00+00:00,card,pending,1406000.0,ecommerce_api,2026-07-01 08:31:00+00:00,2026-07-01 08:31:00+00:00
PAY004626,ORD005121,2026-07-01 05:08:00+00:00,card,success,13789500.0,ecommerce_api,2026-07-01 05:08:00+00:00,2026-07-01 05:08:00+00:00
PAY004627,ORD005122,2026-07-01 18:11:00+00:00,e_wallet,pending,21330000.0,ecommerce_api,2026-07-01 18:11:00+00:00,2026-07-01 18:11:00+00:00
PAY004628,ORD005123,2026-07-01 15:38:00+00:00,cash,success,10404000.0,ecommerce_api,2026-07-01 15:38:00+00:00,2026-07-01 15:38:00+00:00
PAY004629,ORD005124,2026-07-01 02:46:00+00:00,cash,success,11206000.0,ecommerce_api,2026-07-01 02:46:00+00:00,2026-07-01 02:46:00+00:00
PAY004630,ORD005125,2026-07-01 14:56:00+00:00,cash,pending,10890000.0,ecommerce_api,2026-07-01 14:56:00+00:00,2026-07-01 14:56:00+00:00
PAY004631,ORD005126,2026-07-01 06:35:00+00:00,e_wallet,success,5710000.0,ecommerce_api,2026-07-01 06:35:00+00:00,2026-07-01 06:35:00+00:00
PAY004632,ORD005127,2026-07-01 06:54:00+00:00,card,success,16634000.0,ecommerce_api,2026-07-01 06:54:00+00:00,2026-07-01 06:54:00+00:00
PAY004633,ORD005128,2026-07-01 10:17:00+00:00,bank_transfer,failed,8572000.0,ecommerce_api,2026-07-01 10:17:00+00:00,2026-07-01 10:17:00+00:00
PAY004634,ORD005130,2026-07-01 16:59:00+00:00,e_wallet,success,11276000.0,ecommerce_api,2026-07-01 16:59:00+00:00,2026-07-01 16:59:00+00:00
PAY004635,ORD005131,2026-07-01 06:28:00+00:00,e_wallet,success,17594000.0,ecommerce_api,2026-07-01 06:28:00+00:00,2026-07-01 06:28:00+00:00
PAY004636,ORD005132,2026-07-01 17:49:00+00:00,cash,success,13704000.0,ecommerce_api,2026-07-01 17:49:00+00:00,2026-07-01 17:49:00+00:00
PAY004637,ORD005133,2026-07-01 09:06:00+00:00,cash,success,5004000.0,ecommerce_api,2026-07-01 09:06:00+00:00,2026-07-01 09:06:00+00:00
PAY004638,ORD005134,2026-07-01 02:12:00+00:00,card,success,13920000.0,ecommerce_api,2026-07-01 02:12:00+00:00,2026-07-01 02:12:00+00:00
PAY004639,ORD005135,2026-07-01 15:31:00+00:00,e_wallet,success,12206500.0,ecommerce_api,2026-07-01 15:31:00+00:00,2026-07-01 15:31:00+00:00
PAY004640,ORD005136,2026-07-01 07:18:00+00:00,cash,pending,6650000.0,ecommerce_api,2026-07-01 07:18:00+00:00,2026-07-01 07:18:00+00:00
PAY004641,ORD005137,2026-07-01 15:47:00+00:00,card,pending,14204500.0,ecommerce_api,2026-07-01 15:47:00+00:00,2026-07-01 15:47:00+00:00
PAY004642,ORD005138,2026-07-01 10:05:00+00:00,e_wallet,pending,20039000.0,ecommerce_api,2026-07-01 10:05:00+00:00,2026-07-01 10:05:00+00:00
PAY004643,ORD005140,2026-07-01 17:05:00+00:00,bank_transfer,success,3062000.0,ecommerce_api,2026-07-01 17:05:00+00:00,2026-07-01 17:05:00+00:00
PAY004644,ORD005141,2026-07-01 07:53:00+00:00,cash,success,13077500.0,ecommerce_api,2026-07-01 07:53:00+00:00,2026-07-01 07:53:00+00:00
PAY004645,ORD005142,2026-07-01 16:10:00+00:00,card,pending,10772500.0,ecommerce_api,2026-07-01 16:10:00+00:00,2026-07-01 16:10:00+00:00
PAY004646,ORD005143,2026-07-01 09:25:00+00:00,cash,success,18046000.0,ecommerce_api,2026-07-01 09:25:00+00:00,2026-07-01 09:25:00+00:00
PAY004647,ORD005144,2026-07-01 10:24:00+00:00,e_wallet,failed,26439500.0,ecommerce_api,2026-07-01 10:24:00+00:00,2026-07-01 10:24:00+00:00
PAY004648,ORD005145,2026-07-01 12:59:00+00:00,bank_transfer,success,5770000.0,ecommerce_api,2026-07-01 12:59:00+00:00,2026-07-01 12:59:00+00:00
PAY004649,ORD005146,2026-07-01 14:39:00+00:00,e_wallet,success,5709500.0,ecommerce_api,2026-07-01 14:39:00+00:00,2026-07-01 14:39:00+00:00
PAY004650,ORD005147,2026-07-01 18:28:00+00:00,card,success,8201000.0,ecommerce_api,2026-07-01 18:28:00+00:00,2026-07-01 18:28:00+00:00
PAY004651,ORD005148,2026-07-01 03:07:00+00:00,card,pending,6770000.0,ecommerce_api,2026-07-01 03:07:00+00:00,2026-07-01 03:07:00+00:00
PAY004652,ORD005150,2026-07-01 04:15:00+00:00,card,success,9209000.0,ecommerce_api,2026-07-01 04:15:00+00:00,2026-07-01 04:15:00+00:00
PAY004653,ORD005153,2026-07-01 09:07:00+00:00,card,success,16222000.0,ecommerce_api,2026-07-01 09:07:00+00:00,2026-07-01 09:07:00+00:00
PAY004654,ORD005154,2026-07-01 10:09:00+00:00,cash,success,4482000.0,ecommerce_api,2026-07-01 10:09:00+00:00,2026-07-01 10:09:00+00:00
PAY004655,ORD005155,2026-07-01 13:50:00+00:00,cash,success,12036500.0,ecommerce_api,2026-07-01 13:50:00+00:00,2026-07-01 13:50:00+00:00
PAY004656,ORD005156,2026-07-01 12:12:00+00:00,e_wallet,pending,10901000.0,ecommerce_api,2026-07-01 12:12:00+00:00,2026-07-01 12:12:00+00:00
PAY004657,ORD005157,2026-07-01 01:47:00+00:00,cash,success,5013000.0,ecommerce_api,2026-07-01 01:47:00+00:00,2026-07-01 01:47:00+00:00
PAY004658,ORD005158,2026-07-01 05:57:00+00:00,e_wallet,success,7260000.0,ecommerce_api,2026-07-01 05:57:00+00:00,2026-07-01 05:57:00+00:00
PAY004659,ORD005159,2026-07-01 13:03:00+00:00,e_wallet,success,8130000.0,ecommerce_api,2026-07-01 13:03:00+00:00,2026-07-01 13:03:00+00:00
PAY004660,ORD005160,2026-07-01 16:50:00+00:00,card,success,14240000.0,ecommerce_api,2026-07-01 16:50:00+00:00,2026-07-01 16:50:00+00:00
PAY004661,ORD005161,2026-07-01 17:16:00+00:00,card,success,3990000.0,ecommerce_api,2026-07-01 17:16:00+00:00,2026-07-01 17:16:00+00:00
PAY004662,ORD005162,2026-07-01 13:42:00+00:00,bank_transfer,success,10964000.0,ecommerce_api,2026-07-01 13:42:00+00:00,2026-07-01 13:42:00+00:00
PAY004663,ORD005163,2026-07-01 08:20:00+00:00,cash,success,11271000.0,ecommerce_api,2026-07-01 08:20:00+00:00,2026-07-01 08:20:00+00:00
PAY004664,ORD005164,2026-07-01 10:07:00+00:00,card,failed,17154500.0,ecommerce_api,2026-07-01 10:07:00+00:00,2026-07-01 10:07:00+00:00
PAY004665,ORD005165,2026-07-01 10:11:00+00:00,card,success,9003000.0,ecommerce_api,2026-07-01 10:11:00+00:00,2026-07-01 10:11:00+00:00
PAY004666,ORD005169,2026-07-01 12:24:00+00:00,e_wallet,success,27716500.0,ecommerce_api,2026-07-01 12:24:00+00:00,2026-07-01 12:24:00+00:00
PAY004667,ORD005170,2026-07-01 07:36:00+00:00,card,success,19369000.0,ecommerce_api,2026-07-01 07:36:00+00:00,2026-07-01 07:36:00+00:00
PAY004668,ORD005171,2026-07-01 06:32:00+00:00,bank_transfer,success,5391000.0,ecommerce_api,2026-07-01 06:32:00+00:00,2026-07-01 06:32:00+00:00
PAY004669,ORD005173,2026-07-01 16:58:00+00:00,e_wallet,pending,11110500.0,ecommerce_api,2026-07-01 16:58:00+00:00,2026-07-01 16:58:00+00:00
PAY004670,ORD005174,2026-07-01 09:16:00+00:00,card,success,17200000.0,ecommerce_api,2026-07-01 09:16:00+00:00,2026-07-01 09:16:00+00:00
PAY004671,ORD005175,2026-07-01 06:06:00+00:00,cash,success,11680000.0,ecommerce_api,2026-07-01 06:06:00+00:00,2026-07-01 06:06:00+00:00
PAY004672,ORD005176,2026-07-01 15:03:00+00:00,card,success,9339500.0,ecommerce_api,2026-07-01 15:03:00+00:00,2026-07-01 15:03:00+00:00
PAY004673,ORD005177,2026-07-01 16:41:00+00:00,bank_transfer,failed,3268000.0,ecommerce_api,2026-07-01 16:41:00+00:00,2026-07-01 16:41:00+00:00
PAY004674,ORD005178,2026-07-01 11:18:00+00:00,card,success,6372000.0,ecommerce_api,2026-07-01 11:18:00+00:00,2026-07-01 11:18:00+00:00
PAY004675,ORD005179,2026-07-01 15:26:00+00:00,cash,success,2390000.0,ecommerce_api,2026-07-01 15:26:00+00:00,2026-07-01 15:26:00+00:00
PAY004676,ORD005180,2026-07-01 08:03:00+00:00,cash,success,5737500.0,ecommerce_api,2026-07-01 08:03:00+00:00,2026-07-01 08:03:00+00:00
PAY004677,ORD005184,2026-07-01 07:44:00+00:00,bank_transfer,pending,20300500.0,ecommerce_api,2026-07-01 07:44:00+00:00,2026-07-01 07:44:00+00:00
PAY004678,ORD005185,2026-07-01 09:16:00+00:00,card,success,9750000.0,ecommerce_api,2026-07-01 09:16:00+00:00,2026-07-01 09:16:00+00:00
PAY004679,ORD005186,2026-07-01 07:28:00+00:00,card,success,22856000.0,ecommerce_api,2026-07-01 07:28:00+00:00,2026-07-01 07:28:00+00:00
PAY004680,ORD005187,2026-07-01 14:14:00+00:00,card,success,3595500.0,ecommerce_api,2026-07-01 14:14:00+00:00,2026-07-01 14:14:00+00:00
PAY004681,ORD005188,2026-07-01 07:02:00+00:00,e_wallet,success,8086500.0,ecommerce_api,2026-07-01 07:02:00+00:00,2026-07-01 07:02:00+00:00
PAY004682,ORD005189,2026-07-01 20:20:00+00:00,card,pending,7180000.0,ecommerce_api,2026-07-01 20:20:00+00:00,2026-07-01 20:20:00+00:00
PAY004683,ORD005190,2026-07-01 15:28:00+00:00,cash,pending,16710000.0,ecommerce_api,2026-07-01 15:28:00+00:00,2026-07-01 15:28:00+00:00
PAY004684,ORD005191,2026-07-01 10:23:00+00:00,card,success,10117500.0,ecommerce_api,2026-07-01 10:23:00+00:00,2026-07-01 10:23:00+00:00
PAY004685,ORD005192,2026-07-01 06:38:00+00:00,cash,success,2106000.0,ecommerce_api,2026-07-01 06:38:00+00:00,2026-07-01 06:38:00+00:00
PAY004686,ORD005193,2026-07-01 09:35:00+00:00,card,success,4977000.0,ecommerce_api,2026-07-01 09:35:00+00:00,2026-07-01 09:35:00+00:00
PAY004687,ORD005194,2026-07-01 05:30:00+00:00,bank_transfer,success,19703000.0,ecommerce_api,2026-07-01 05:30:00+00:00,2026-07-01 05:30:00+00:00
PAY004688,ORD005195,2026-07-01 14:46:00+00:00,cash,success,17950000.0,ecommerce_api,2026-07-01 14:46:00+00:00,2026-07-01 14:46:00+00:00
PAY004689,ORD005196,2026-07-01 13:01:00+00:00,cash,success,12958000.0,ecommerce_api,2026-07-01 13:01:00+00:00,2026-07-01 13:01:00+00:00
PAY004690,ORD005197,2026-07-01 07:49:00+00:00,bank_transfer,success,9067000.0,ecommerce_api,2026-07-01 07:49:00+00:00,2026-07-01 07:49:00+00:00
PAY004691,ORD005198,2026-07-01 12:13:00+00:00,cash,success,15327000.0,ecommerce_api,2026-07-01 12:13:00+00:00,2026-07-01 12:13:00+00:00
PAY004692,ORD005199,2026-07-01 19:02:00+00:00,bank_transfer,success,12983000.0,ecommerce_api,2026-07-01 19:02:00+00:00,2026-07-01 19:02:00+00:00
PAY004693,ORD005200,2026-07-01 11:03:00+00:00,cash,success,10608500.0,ecommerce_api,2026-07-01 11:03:00+00:00,2026-07-01 11:03:00+00:00
PAY004694,ORD005201,2026-07-01 17:22:00+00:00,e_wallet,failed,11169000.0,ecommerce_api,2026-07-01 17:22:00+00:00,2026-07-01 17:22:00+00:00
PAY004695,ORD005202,2026-07-01 08:18:00+00:00,e_wallet,success,24823500.0,ecommerce_api,2026-07-01 08:18:00+00:00,2026-07-01 08:18:00+00:00
PAY004696,ORD005203,2026-07-01 04:02:00+00:00,cash,failed,11466500.0,ecommerce_api,2026-07-01 04:02:00+00:00,2026-07-01 04:02:00+00:00
PAY004697,ORD005204,2026-07-01 10:39:00+00:00,e_wallet,failed,8744000.0,ecommerce_api,2026-07-01 10:39:00+00:00,2026-07-01 10:39:00+00:00
PAY004698,ORD005205,2026-07-01 15:38:00+00:00,e_wallet,failed,234000.0,ecommerce_api,2026-07-01 15:38:00+00:00,2026-07-01 15:38:00+00:00
PAY004699,ORD005206,2026-07-01 13:11:00+00:00,bank_transfer,success,9273000.0,ecommerce_api,2026-07-01 13:11:00+00:00,2026-07-01 13:11:00+00:00
PAY004700,ORD005207,2026-07-01 12:21:00+00:00,bank_transfer,failed,15856000.0,ecommerce_api,2026-07-01 12:21:00+00:00,2026-07-01 12:21:00+00:00
PAY004701,ORD005208,2026-07-01 02:25:00+00:00,bank_transfer,success,19131000.0,ecommerce_api,2026-07-01 02:25:00+00:00,2026-07-01 02:25:00+00:00
PAY004702,ORD005209,2026-07-01 12:11:00+00:00,cash,success,2682000.0,ecommerce_api,2026-07-01 12:11:00+00:00,2026-07-01 12:11:00+00:00
PAY004703,ORD005210,2026-07-01 05:30:00+00:00,card,success,9693500.0,ecommerce_api,2026-07-01 05:30:00+00:00,2026-07-01 05:30:00+00:00
PAY004704,ORD005211,2026-07-01 19:25:00+00:00,card,failed,7149000.0,ecommerce_api,2026-07-01 19:25:00+00:00,2026-07-01 19:25:00+00:00
PAY004705,ORD005213,2026-07-01 16:36:00+00:00,e_wallet,success,10830000.0,ecommerce_api,2026-07-01 16:36:00+00:00,2026-07-01 16:36:00+00:00
PAY004706,ORD005214,2026-07-01 08:22:00+00:00,card,success,12010000.0,ecommerce_api,2026-07-01 08:22:00+00:00,2026-07-01 08:22:00+00:00
PAY004707,ORD005215,2026-07-01 16:28:00+00:00,bank_transfer,success,8901500.0,ecommerce_api,2026-07-01 16:28:00+00:00,2026-07-01 16:28:00+00:00
PAY004708,ORD005218,2026-07-01 04:26:00+00:00,bank_transfer,success,9261000.0,ecommerce_api,2026-07-01 04:26:00+00:00,2026-07-01 04:26:00+00:00
PAY004709,ORD005219,2026-07-01 11:30:00+00:00,bank_transfer,success,26577500.0,ecommerce_api,2026-07-01 11:30:00+00:00,2026-07-01 11:30:00+00:00
PAY004710,ORD005220,2026-07-01 18:16:00+00:00,e_wallet,success,13643000.0,ecommerce_api,2026-07-01 18:16:00+00:00,2026-07-01 18:16:00+00:00
PAY004711,ORD005221,2026-07-01 14:25:00+00:00,bank_transfer,success,12900000.0,ecommerce_api,2026-07-01 14:25:00+00:00,2026-07-01 14:25:00+00:00
PAY004712,ORD005222,2026-07-01 08:41:00+00:00,e_wallet,failed,2880000.0,ecommerce_api,2026-07-01 08:41:00+00:00,2026-07-01 08:41:00+00:00
PAY004713,ORD005223,2026-07-01 15:36:00+00:00,cash,success,22954000.0,ecommerce_api,2026-07-01 15:36:00+00:00,2026-07-01 15:36:00+00:00
PAY004714,ORD005224,2026-07-01 13:59:00+00:00,cash,success,12218000.0,ecommerce_api,2026-07-01 13:59:00+00:00,2026-07-01 13:59:00+00:00
PAY004715,ORD005225,2026-07-01 14:37:00+00:00,e_wallet,failed,12942000.0,ecommerce_api,2026-07-01 14:37:00+00:00,2026-07-01 14:37:00+00:00
PAY004716,ORD005226,2026-07-01 11:50:00+00:00,e_wallet,success,931000.0,ecommerce_api,2026-07-01 11:50:00+00:00,2026-07-01 11:50:00+00:00
PAY004717,ORD005227,2026-07-01 08:54:00+00:00,cash,pending,27060000.0,ecommerce_api,2026-07-01 08:54:00+00:00,2026-07-01 08:54:00+00:00
PAY004718,ORD005228,2026-07-01 08:33:00+00:00,cash,success,6670000.0,ecommerce_api,2026-07-01 08:33:00+00:00,2026-07-01 08:33:00+00:00
PAY004719,ORD005230,2026-07-01 18:10:00+00:00,card,failed,3460000.0,ecommerce_api,2026-07-01 18:10:00+00:00,2026-07-01 18:10:00+00:00
PAY004720,ORD005231,2026-07-01 05:08:00+00:00,e_wallet,success,4212000.0,ecommerce_api,2026-07-01 05:08:00+00:00,2026-07-01 05:08:00+00:00
PAY004721,ORD005232,2026-07-01 14:20:00+00:00,card,success,23312500.0,ecommerce_api,2026-07-01 14:20:00+00:00,2026-07-01 14:20:00+00:00
PAY004722,ORD005233,2026-07-01 05:11:00+00:00,cash,failed,14809000.0,ecommerce_api,2026-07-01 05:11:00+00:00,2026-07-01 05:11:00+00:00
PAY004723,ORD005234,2026-07-01 16:35:00+00:00,bank_transfer,success,16359000.0,ecommerce_api,2026-07-01 16:35:00+00:00,2026-07-01 16:35:00+00:00
PAY004724,ORD005235,2026-07-01 15:15:00+00:00,cash,pending,4914000.0,ecommerce_api,2026-07-01 15:15:00+00:00,2026-07-01 15:15:00+00:00
PAY004725,ORD005236,2026-07-01 17:10:00+00:00,cash,success,8010000.0,ecommerce_api,2026-07-01 17:10:00+00:00,2026-07-01 17:10:00+00:00
PAY004726,ORD005238,2026-07-01 11:21:00+00:00,e_wallet,success,7317000.0,ecommerce_api,2026-07-01 11:21:00+00:00,2026-07-01 11:21:00+00:00
PAY004727,ORD005239,2026-07-01 15:29:00+00:00,card,success,10895000.0,ecommerce_api,2026-07-01 15:29:00+00:00,2026-07-01 15:29:00+00:00
PAY004728,ORD005241,2026-07-01 03:19:00+00:00,cash,success,9918000.0,ecommerce_api,2026-07-01 03:19:00+00:00,2026-07-01 03:19:00+00:00
PAY004729,ORD005242,2026-07-01 04:36:00+00:00,e_wallet,success,6881000.0,ecommerce_api,2026-07-01 04:36:00+00:00,2026-07-01 04:36:00+00:00
PAY004730,ORD005243,2026-07-01 06:06:00+00:00,card,success,5238000.0,ecommerce_api,2026-07-01 06:06:00+00:00,2026-07-01 06:06:00+00:00
PAY004731,ORD005244,2026-07-01 07:44:00+00:00,cash,success,1434500.0,ecommerce_api,2026-07-01 07:44:00+00:00,2026-07-01 07:44:00+00:00
PAY004732,ORD005245,2026-07-01 14:03:00+00:00,card,failed,4870000.0,ecommerce_api,2026-07-01 14:03:00+00:00,2026-07-01 14:03:00+00:00
PAY004733,ORD005246,2026-07-01 08:04:00+00:00,bank_transfer,success,13027000.0,ecommerce_api,2026-07-01 08:04:00+00:00,2026-07-01 08:04:00+00:00
PAY004734,ORD005247,2026-07-01 13:16:00+00:00,cash,success,31580000.0,ecommerce_api,2026-07-01 13:16:00+00:00,2026-07-01 13:16:00+00:00
PAY004735,ORD005248,2026-07-01 12:34:00+00:00,cash,success,11083000.0,ecommerce_api,2026-07-01 12:34:00+00:00,2026-07-01 12:34:00+00:00
PAY004736,ORD005249,2026-07-01 15:54:00+00:00,card,success,9517000.0,ecommerce_api,2026-07-01 15:54:00+00:00,2026-07-01 15:54:00+00:00
PAY004737,ORD005251,2026-07-01 02:28:00+00:00,card,success,16621500.0,ecommerce_api,2026-07-01 02:28:00+00:00,2026-07-01 02:28:00+00:00
PAY004738,ORD005252,2026-07-01 10:33:00+00:00,e_wallet,success,8786000.0,ecommerce_api,2026-07-01 10:33:00+00:00,2026-07-01 10:33:00+00:00
PAY004739,ORD005253,2026-07-01 14:38:00+00:00,e_wallet,success,6690000.0,ecommerce_api,2026-07-01 14:38:00+00:00,2026-07-01 14:38:00+00:00
PAY004740,ORD005254,2026-07-01 10:17:00+00:00,card,success,16056000.0,ecommerce_api,2026-07-01 10:17:00+00:00,2026-07-01 10:17:00+00:00
PAY004741,ORD005255,2026-07-01 14:46:00+00:00,cash,pending,16757000.0,ecommerce_api,2026-07-01 14:46:00+00:00,2026-07-01 14:46:00+00:00
PAY004742,ORD005256,2026-07-01 15:10:00+00:00,e_wallet,success,6331000.0,ecommerce_api,2026-07-01 15:10:00+00:00,2026-07-01 15:10:00+00:00
PAY004743,ORD005257,2026-07-01 09:59:00+00:00,e_wallet,failed,475000.0,ecommerce_api,2026-07-01 09:59:00+00:00,2026-07-01 09:59:00+00:00
PAY004744,ORD005258,2026-07-01 07:03:00+00:00,bank_transfer,success,5966500.0,ecommerce_api,2026-07-01 07:03:00+00:00,2026-07-01 07:03:00+00:00
PAY004745,ORD005259,2026-07-01 03:08:00+00:00,e_wallet,success,19660000.0,ecommerce_api,2026-07-01 03:08:00+00:00,2026-07-01 03:08:00+00:00
PAY004746,ORD005260,2026-07-01 05:02:00+00:00,e_wallet,success,4626500.0,ecommerce_api,2026-07-01 05:02:00+00:00,2026-07-01 05:02:00+00:00
PAY004747,ORD005261,2026-07-01 20:12:00+00:00,cash,failed,28555000.0,ecommerce_api,2026-07-01 20:12:00+00:00,2026-07-01 20:12:00+00:00
PAY004748,ORD005262,2026-07-01 15:24:00+00:00,card,success,13242000.0,ecommerce_api,2026-07-01 15:24:00+00:00,2026-07-01 15:24:00+00:00
PAY004749,ORD005263,2026-07-01 17:16:00+00:00,e_wallet,success,12567500.0,ecommerce_api,2026-07-01 17:16:00+00:00,2026-07-01 17:16:00+00:00
PAY004750,ORD005264,2026-07-01 05:03:00+00:00,card,failed,5960000.0,ecommerce_api,2026-07-01 05:03:00+00:00,2026-07-01 05:03:00+00:00
PAY004751,ORD005265,2026-07-01 14:41:00+00:00,e_wallet,success,7212500.0,ecommerce_api,2026-07-01 14:41:00+00:00,2026-07-01 14:41:00+00:00
PAY004752,ORD005266,2026-07-01 05:02:00+00:00,e_wallet,success,12915000.0,ecommerce_api,2026-07-01 05:02:00+00:00,2026-07-01 05:02:00+00:00
PAY004753,ORD005267,2026-07-01 16:54:00+00:00,bank_transfer,success,9927500.0,ecommerce_api,2026-07-01 16:54:00+00:00,2026-07-01 16:54:00+00:00
PAY004754,ORD005268,2026-07-01 06:04:00+00:00,cash,success,11049000.0,ecommerce_api,2026-07-01 06:04:00+00:00,2026-07-01 06:04:00+00:00
PAY004755,ORD005269,2026-07-01 08:39:00+00:00,card,failed,4923500.0,ecommerce_api,2026-07-01 08:39:00+00:00,2026-07-01 08:39:00+00:00
PAY004756,ORD005270,2026-07-01 15:44:00+00:00,e_wallet,pending,920000.0,ecommerce_api,2026-07-01 15:44:00+00:00,2026-07-01 15:44:00+00:00
PAY004757,ORD005271,2026-07-01 08:46:00+00:00,card,success,17161500.0,ecommerce_api,2026-07-01 08:46:00+00:00,2026-07-01 08:46:00+00:00
PAY004758,ORD005272,2026-07-01 09:09:00+00:00,cash,success,13531000.0,ecommerce_api,2026-07-01 09:09:00+00:00,2026-07-01 09:09:00+00:00
PAY004759,ORD005273,2026-07-01 09:25:00+00:00,bank_transfer,pending,5700000.0,ecommerce_api,2026-07-01 09:25:00+00:00,2026-07-01 09:25:00+00:00
PAY004760,ORD005274,2026-07-01 07:27:00+00:00,cash,success,16839000.0,ecommerce_api,2026-07-01 07:27:00+00:00,2026-07-01 07:27:00+00:00
PAY004761,ORD005275,2026-07-01 16:35:00+00:00,cash,success,4770000.0,ecommerce_api,2026-07-01 16:35:00+00:00,2026-07-01 16:35:00+00:00
PAY004762,ORD005276,2026-07-01 14:11:00+00:00,card,success,7360000.0,ecommerce_api,2026-07-01 14:11:00+00:00,2026-07-01 14:11:00+00:00
PAY004763,ORD005277,2026-07-01 04:01:00+00:00,e_wallet,pending,16767500.0,ecommerce_api,2026-07-01 04:01:00+00:00,2026-07-01 04:01:00+00:00
PAY004764,ORD005278,2026-07-01 11:37:00+00:00,bank_transfer,success,37527000.0,ecommerce_api,2026-07-01 11:37:00+00:00,2026-07-01 11:37:00+00:00
PAY004765,ORD005279,2026-07-01 05:08:00+00:00,bank_transfer,success,9650000.0,ecommerce_api,2026-07-01 05:08:00+00:00,2026-07-01 05:08:00+00:00
PAY004766,ORD005280,2026-07-01 04:01:00+00:00,bank_transfer,success,20823500.0,ecommerce_api,2026-07-01 04:01:00+00:00,2026-07-01 04:01:00+00:00
PAY004767,ORD005281,2026-07-01 04:32:00+00:00,e_wallet,success,13082000.0,ecommerce_api,2026-07-01 04:32:00+00:00,2026-07-01 04:32:00+00:00
PAY004768,ORD005282,2026-07-01 03:38:00+00:00,cash,success,12317000.0,ecommerce_api,2026-07-01 03:38:00+00:00,2026-07-01 03:38:00+00:00
PAY004769,ORD005284,2026-07-01 15:27:00+00:00,bank_transfer,success,16539500.0,ecommerce_api,2026-07-01 15:27:00+00:00,2026-07-01 15:27:00+00:00
PAY004770,ORD005285,2026-07-01 11:21:00+00:00,cash,failed,21565000.0,ecommerce_api,2026-07-01 11:21:00+00:00,2026-07-01 11:21:00+00:00
PAY004771,ORD005286,2026-07-01 15:47:00+00:00,bank_transfer,success,8759000.0,ecommerce_api,2026-07-01 15:47:00+00:00,2026-07-01 15:47:00+00:00
PAY004772,ORD005287,2026-07-01 18:12:00+00:00,e_wallet,success,4294000.0,ecommerce_api,2026-07-01 18:12:00+00:00,2026-07-01 18:12:00+00:00
PAY004773,ORD005288,2026-07-01 08:26:00+00:00,bank_transfer,success,11654000.0,ecommerce_api,2026-07-01 08:26:00+00:00,2026-07-01 08:26:00+00:00
PAY004774,ORD005289,2026-07-01 10:58:00+00:00,e_wallet,success,13149000.0,ecommerce_api,2026-07-01 10:58:00+00:00,2026-07-01 10:58:00+00:00
PAY004775,ORD005290,2026-07-01 16:34:00+00:00,cash,success,11133000.0,ecommerce_api,2026-07-01 16:34:00+00:00,2026-07-01 16:34:00+00:00
PAY004776,ORD005291,2026-07-01 17:43:00+00:00,bank_transfer,success,15960000.0,ecommerce_api,2026-07-01 17:43:00+00:00,2026-07-01 17:43:00+00:00
PAY004777,ORD005292,2026-07-01 15:30:00+00:00,card,success,9760000.0,ecommerce_api,2026-07-01 15:30:00+00:00,2026-07-01 15:30:00+00:00
PAY004778,ORD005293,2026-07-01 11:32:00+00:00,card,success,22251500.0,ecommerce_api,2026-07-01 11:32:00+00:00,2026-07-01 11:32:00+00:00
PAY004779,ORD005294,2026-07-01 03:25:00+00:00,e_wallet,success,8602000.0,ecommerce_api,2026-07-01 03:25:00+00:00,2026-07-01 03:25:00+00:00
PAY004780,ORD005295,2026-07-01 06:31:00+00:00,cash,success,8566000.0,ecommerce_api,2026-07-01 06:31:00+00:00,2026-07-01 06:31:00+00:00
PAY004781,ORD005296,2026-07-01 04:37:00+00:00,card,success,8784500.0,ecommerce_api,2026-07-01 04:37:00+00:00,2026-07-01 04:37:00+00:00
PAY004782,ORD005297,2026-07-01 08:07:00+00:00,card,success,11257500.0,ecommerce_api,2026-07-01 08:07:00+00:00,2026-07-01 08:07:00+00:00
PAY004783,ORD005298,2026-07-01 12:54:00+00:00,e_wallet,success,24084000.0,ecommerce_api,2026-07-01 12:54:00+00:00,2026-07-01 12:54:00+00:00
PAY004784,ORD005299,2026-07-01 08:24:00+00:00,e_wallet,failed,4743000.0,ecommerce_api,2026-07-01 08:24:00+00:00,2026-07-01 08:24:00+00:00
PAY004785,ORD005300,2026-07-01 08:59:00+00:00,cash,success,11329500.0,ecommerce_api,2026-07-01 08:59:00+00:00,2026-07-01 08:59:00+00:00
PAY004786,ORD005301,2026-07-01 15:03:00+00:00,cash,success,9553000.0,ecommerce_api,2026-07-01 15:03:00+00:00,2026-07-01 15:03:00+00:00
PAY004787,ORD005302,2026-07-01 16:02:00+00:00,card,success,5442000.0,ecommerce_api,2026-07-01 16:02:00+00:00,2026-07-01 16:02:00+00:00
PAY004788,ORD005303,2026-07-01 15:38:00+00:00,bank_transfer,success,26485000.0,ecommerce_api,2026-07-01 15:38:00+00:00,2026-07-01 15:38:00+00:00
PAY004789,ORD005304,2026-07-01 17:24:00+00:00,card,failed,11787000.0,ecommerce_api,2026-07-01 17:24:00+00:00,2026-07-01 17:24:00+00:00
PAY004790,ORD005305,2026-07-01 04:23:00+00:00,bank_transfer,success,15143000.0,ecommerce_api,2026-07-01 04:23:00+00:00,2026-07-01 04:23:00+00:00
PAY004791,ORD005306,2026-07-01 14:40:00+00:00,card,success,29716000.0,ecommerce_api,2026-07-01 14:40:00+00:00,2026-07-01 14:40:00+00:00
PAY004792,ORD005307,2026-07-01 06:59:00+00:00,bank_transfer,success,6580000.0,ecommerce_api,2026-07-01 06:59:00+00:00,2026-07-01 06:59:00+00:00
PAY004793,ORD005309,2026-07-01 02:51:00+00:00,e_wallet,pending,18407000.0,ecommerce_api,2026-07-01 02:51:00+00:00,2026-07-01 02:51:00+00:00
PAY004794,ORD005310,2026-07-01 12:34:00+00:00,cash,failed,2493000.0,ecommerce_api,2026-07-01 12:34:00+00:00,2026-07-01 12:34:00+00:00
PAY004795,ORD005311,2026-07-01 14:06:00+00:00,e_wallet,success,26826000.0,ecommerce_api,2026-07-01 14:06:00+00:00,2026-07-01 14:06:00+00:00
PAY004796,ORD005312,2026-07-01 08:17:00+00:00,e_wallet,success,891000.0,ecommerce_api,2026-07-01 08:17:00+00:00,2026-07-01 08:17:00+00:00
PAY004797,ORD005313,2026-07-01 15:33:00+00:00,card,success,3139000.0,ecommerce_api,2026-07-01 15:33:00+00:00,2026-07-01 15:33:00+00:00
PAY004798,ORD005314,2026-07-01 17:45:00+00:00,card,success,4958000.0,ecommerce_api,2026-07-01 17:45:00+00:00,2026-07-01 17:45:00+00:00
PAY004799,ORD005315,2026-07-01 02:41:00+00:00,card,failed,19994500.0,ecommerce_api,2026-07-01 02:41:00+00:00,2026-07-01 02:41:00+00:00
PAY004800,ORD005316,2026-07-01 02:24:00+00:00,card,success,5100000.0,ecommerce_api,2026-07-01 02:24:00+00:00,2026-07-01 02:24:00+00:00
PAY004801,ORD005317,2026-07-01 13:43:00+00:00,bank_transfer,success,11304000.0,ecommerce_api,2026-07-01 13:43:00+00:00,2026-07-01 13:43:00+00:00
PAY004802,ORD005318,2026-07-01 09:28:00+00:00,e_wallet,success,14759500.0,ecommerce_api,2026-07-01 09:28:00+00:00,2026-07-01 09:28:00+00:00
PAY004803,ORD005319,2026-07-01 13:51:00+00:00,card,success,4966000.0,ecommerce_api,2026-07-01 13:51:00+00:00,2026-07-01 13:51:00+00:00
PAY004804,ORD005320,2026-07-01 06:03:00+00:00,card,success,21381500.0,ecommerce_api,2026-07-01 06:03:00+00:00,2026-07-01 06:03:00+00:00
PAY004805,ORD005321,2026-07-01 15:40:00+00:00,cash,success,10068000.0,ecommerce_api,2026-07-01 15:40:00+00:00,2026-07-01 15:40:00+00:00
PAY004806,ORD005322,2026-07-01 18:19:00+00:00,card,success,5850000.0,ecommerce_api,2026-07-01 18:19:00+00:00,2026-07-01 18:19:00+00:00
PAY004807,ORD005323,2026-07-01 11:18:00+00:00,card,success,3470000.0,ecommerce_api,2026-07-01 11:18:00+00:00,2026-07-01 11:18:00+00:00
PAY004808,ORD005324,2026-07-01 04:08:00+00:00,cash,success,20410000.0,ecommerce_api,2026-07-01 04:08:00+00:00,2026-07-01 04:08:00+00:00
PAY004809,ORD005325,2026-07-01 15:25:00+00:00,bank_transfer,success,8065000.0,ecommerce_api,2026-07-01 15:25:00+00:00,2026-07-01 15:25:00+00:00
PAY004810,ORD005326,2026-07-01 10:13:00+00:00,cash,success,7920000.0,ecommerce_api,2026-07-01 10:13:00+00:00,2026-07-01 10:13:00+00:00
PAY004811,ORD005327,2026-07-01 15:44:00+00:00,e_wallet,pending,7429000.0,ecommerce_api,2026-07-01 15:44:00+00:00,2026-07-01 15:44:00+00:00
PAY004812,ORD005328,2026-07-01 12:43:00+00:00,cash,failed,10800000.0,ecommerce_api,2026-07-01 12:43:00+00:00,2026-07-01 12:43:00+00:00
PAY004813,ORD005329,2026-07-01 11:25:00+00:00,e_wallet,success,15016000.0,ecommerce_api,2026-07-01 11:25:00+00:00,2026-07-01 11:25:00+00:00
PAY004814,ORD005330,2026-07-01 12:37:00+00:00,e_wallet,success,18127000.0,ecommerce_api,2026-07-01 12:37:00+00:00,2026-07-01 12:37:00+00:00
PAY004815,ORD005331,2026-07-01 16:25:00+00:00,cash,success,15270000.0,ecommerce_api,2026-07-01 16:25:00+00:00,2026-07-01 16:25:00+00:00
PAY004816,ORD005332,2026-07-01 16:18:00+00:00,cash,success,12040000.0,ecommerce_api,2026-07-01 16:18:00+00:00,2026-07-01 16:18:00+00:00
PAY004817,ORD005334,2026-07-01 12:45:00+00:00,card,success,18053500.0,ecommerce_api,2026-07-01 12:45:00+00:00,2026-07-01 12:45:00+00:00
PAY004818,ORD005335,2026-07-01 04:00:00+00:00,card,failed,19942000.0,ecommerce_api,2026-07-01 04:00:00+00:00,2026-07-01 04:00:00+00:00
PAY004819,ORD005336,2026-07-01 08:21:00+00:00,e_wallet,success,9482000.0,ecommerce_api,2026-07-01 08:21:00+00:00,2026-07-01 08:21:00+00:00
PAY004820,ORD005338,2026-07-01 17:48:00+00:00,cash,pending,11343000.0,ecommerce_api,2026-07-01 17:48:00+00:00,2026-07-01 17:48:00+00:00
PAY004821,ORD005339,2026-07-01 16:45:00+00:00,e_wallet,success,8097000.0,ecommerce_api,2026-07-01 16:45:00+00:00,2026-07-01 16:45:00+00:00
PAY004822,ORD005340,2026-07-01 03:16:00+00:00,bank_transfer,pending,19257500.0,ecommerce_api,2026-07-01 03:16:00+00:00,2026-07-01 03:16:00+00:00
PAY004823,ORD005341,2026-07-01 11:34:00+00:00,card,success,1463000.0,ecommerce_api,2026-07-01 11:34:00+00:00,2026-07-01 11:34:00+00:00
PAY004824,ORD005342,2026-07-01 07:52:00+00:00,card,success,22052000.0,ecommerce_api,2026-07-01 07:52:00+00:00,2026-07-01 07:52:00+00:00
PAY004825,ORD005343,2026-07-01 18:21:00+00:00,bank_transfer,failed,13669000.0,ecommerce_api,2026-07-01 18:21:00+00:00,2026-07-01 18:21:00+00:00
PAY004826,ORD005344,2026-07-01 14:41:00+00:00,bank_transfer,success,6246000.0,ecommerce_api,2026-07-01 14:41:00+00:00,2026-07-01 14:41:00+00:00
PAY004827,ORD005345,2026-07-01 19:57:00+00:00,bank_transfer,pending,18244000.0,ecommerce_api,2026-07-01 19:57:00+00:00,2026-07-01 19:57:00+00:00
PAY004828,ORD005346,2026-07-01 11:46:00+00:00,e_wallet,success,1062000.0,ecommerce_api,2026-07-01 11:46:00+00:00,2026-07-01 11:46:00+00:00
PAY004829,ORD005347,2026-07-01 14:46:00+00:00,bank_transfer,success,11080000.0,ecommerce_api,2026-07-01 14:46:00+00:00,2026-07-01 14:46:00+00:00
PAY004830,ORD005348,2026-07-01 05:57:00+00:00,bank_transfer,success,4510000.0,ecommerce_api,2026-07-01 05:57:00+00:00,2026-07-01 05:57:00+00:00
PAY004831,ORD005349,2026-07-01 14:19:00+00:00,cash,success,3000000.0,ecommerce_api,2026-07-01 14:19:00+00:00,2026-07-01 14:19:00+00:00
PAY004832,ORD005352,2026-07-01 14:18:00+00:00,cash,success,16458000.0,ecommerce_api,2026-07-01 14:18:00+00:00,2026-07-01 14:18:00+00:00
PAY004833,ORD005353,2026-07-01 17:28:00+00:00,card,success,8591000.0,ecommerce_api,2026-07-01 17:28:00+00:00,2026-07-01 17:28:00+00:00
PAY004834,ORD005354,2026-07-01 08:54:00+00:00,card,success,9198000.0,ecommerce_api,2026-07-01 08:54:00+00:00,2026-07-01 08:54:00+00:00
PAY004835,ORD005355,2026-07-01 12:36:00+00:00,card,failed,21920000.0,ecommerce_api,2026-07-01 12:36:00+00:00,2026-07-01 12:36:00+00:00
PAY004836,ORD005356,2026-07-01 02:56:00+00:00,bank_transfer,success,20640000.0,ecommerce_api,2026-07-01 02:56:00+00:00,2026-07-01 02:56:00+00:00
PAY004837,ORD005357,2026-07-01 12:17:00+00:00,card,success,15504000.0,ecommerce_api,2026-07-01 12:17:00+00:00,2026-07-01 12:17:00+00:00
PAY004838,ORD005358,2026-07-01 14:30:00+00:00,e_wallet,success,11361000.0,ecommerce_api,2026-07-01 14:30:00+00:00,2026-07-01 14:30:00+00:00
PAY004839,ORD005359,2026-07-01 12:17:00+00:00,card,success,22598000.0,ecommerce_api,2026-07-01 12:17:00+00:00,2026-07-01 12:17:00+00:00
PAY004840,ORD005360,2026-07-01 08:18:00+00:00,cash,pending,12132000.0,ecommerce_api,2026-07-01 08:18:00+00:00,2026-07-01 08:18:00+00:00
PAY004841,ORD005361,2026-07-01 10:23:00+00:00,bank_transfer,failed,8217500.0,ecommerce_api,2026-07-01 10:23:00+00:00,2026-07-01 10:23:00+00:00
PAY004842,ORD005362,2026-07-01 13:27:00+00:00,cash,failed,25700500.0,ecommerce_api,2026-07-01 13:27:00+00:00,2026-07-01 13:27:00+00:00
PAY004843,ORD005363,2026-07-01 09:07:00+00:00,card,success,15266500.0,ecommerce_api,2026-07-01 09:07:00+00:00,2026-07-01 09:07:00+00:00
PAY004844,ORD005364,2026-07-01 02:28:00+00:00,bank_transfer,success,8210000.0,ecommerce_api,2026-07-01 02:28:00+00:00,2026-07-01 02:28:00+00:00
PAY004845,ORD005365,2026-07-01 14:20:00+00:00,bank_transfer,success,24104000.0,ecommerce_api,2026-07-01 14:20:00+00:00,2026-07-01 14:20:00+00:00
PAY004846,ORD005366,2026-07-01 13:47:00+00:00,cash,success,14468000.0,ecommerce_api,2026-07-01 13:47:00+00:00,2026-07-01 13:47:00+00:00
PAY004847,ORD005367,2026-07-01 19:02:00+00:00,e_wallet,failed,12775000.0,ecommerce_api,2026-07-01 19:02:00+00:00,2026-07-01 19:02:00+00:00
PAY004848,ORD005368,2026-07-01 14:39:00+00:00,card,success,12014000.0,ecommerce_api,2026-07-01 14:39:00+00:00,2026-07-01 14:39:00+00:00
PAY004849,ORD005369,2026-07-01 18:52:00+00:00,e_wallet,success,10632000.0,ecommerce_api,2026-07-01 18:52:00+00:00,2026-07-01 18:52:00+00:00
PAY004850,ORD005370,2026-07-01 19:08:00+00:00,e_wallet,pending,7201000.0,ecommerce_api,2026-07-01 19:08:00+00:00,2026-07-01 19:08:00+00:00
PAY004851,ORD005371,2026-07-01 04:03:00+00:00,cash,success,12965500.0,ecommerce_api,2026-07-01 04:03:00+00:00,2026-07-01 04:03:00+00:00
PAY004852,ORD005372,2026-07-01 07:12:00+00:00,bank_transfer,success,1287000.0,ecommerce_api,2026-07-01 07:12:00+00:00,2026-07-01 07:12:00+00:00
PAY004853,ORD005373,2026-07-01 17:19:00+00:00,cash,success,6300000.0,ecommerce_api,2026-07-01 17:19:00+00:00,2026-07-01 17:19:00+00:00
PAY004854,ORD005374,2026-07-01 07:42:00+00:00,bank_transfer,success,15990000.0,ecommerce_api,2026-07-01 07:42:00+00:00,2026-07-01 07:42:00+00:00
PAY004855,ORD005375,2026-07-01 12:46:00+00:00,cash,success,17394500.0,ecommerce_api,2026-07-01 12:46:00+00:00,2026-07-01 12:46:00+00:00
PAY004856,ORD005376,2026-07-01 10:10:00+00:00,card,success,9928500.0,ecommerce_api,2026-07-01 10:10:00+00:00,2026-07-01 10:10:00+00:00
PAY004857,ORD005377,2026-07-01 08:44:00+00:00,e_wallet,failed,15696000.0,ecommerce_api,2026-07-01 08:44:00+00:00,2026-07-01 08:44:00+00:00
PAY004858,ORD005381,2026-07-01 04:53:00+00:00,card,failed,8432500.0,ecommerce_api,2026-07-01 04:53:00+00:00,2026-07-01 04:53:00+00:00
PAY004859,ORD005383,2026-07-01 18:33:00+00:00,e_wallet,success,12749000.0,ecommerce_api,2026-07-01 18:33:00+00:00,2026-07-01 18:33:00+00:00
PAY004860,ORD005384,2026-07-01 10:32:00+00:00,card,success,8280000.0,ecommerce_api,2026-07-01 10:32:00+00:00,2026-07-01 10:32:00+00:00
PAY004861,ORD005385,2026-07-01 06:57:00+00:00,card,success,9962000.0,ecommerce_api,2026-07-01 06:57:00+00:00,2026-07-01 06:57:00+00:00
PAY004862,ORD005386,2026-07-01 14:05:00+00:00,e_wallet,success,20567000.0,ecommerce_api,2026-07-01 14:05:00+00:00,2026-07-01 14:05:00+00:00
PAY004863,ORD005387,2026-07-01 06:00:00+00:00,e_wallet,success,17751500.0,ecommerce_api,2026-07-01 06:00:00+00:00,2026-07-01 06:00:00+00:00
PAY004864,ORD005388,2026-07-01 08:40:00+00:00,cash,success,16225500.0,ecommerce_api,2026-07-01 08:40:00+00:00,2026-07-01 08:40:00+00:00
PAY004865,ORD005389,2026-07-01 13:53:00+00:00,card,failed,21116000.0,ecommerce_api,2026-07-01 13:53:00+00:00,2026-07-01 13:53:00+00:00
PAY004866,ORD005390,2026-07-01 14:26:00+00:00,bank_transfer,success,2940000.0,ecommerce_api,2026-07-01 14:26:00+00:00,2026-07-01 14:26:00+00:00
PAY004867,ORD005391,2026-07-01 06:03:00+00:00,card,pending,16377500.0,ecommerce_api,2026-07-01 06:03:00+00:00,2026-07-01 06:03:00+00:00
PAY004868,ORD005392,2026-07-01 18:24:00+00:00,card,success,18486000.0,ecommerce_api,2026-07-01 18:24:00+00:00,2026-07-01 18:24:00+00:00
PAY004869,ORD005393,2026-07-01 12:14:00+00:00,e_wallet,success,2194500.0,ecommerce_api,2026-07-01 12:14:00+00:00,2026-07-01 12:14:00+00:00
PAY004870,ORD005394,2026-07-01 12:30:00+00:00,bank_transfer,failed,8725000.0,ecommerce_api,2026-07-01 12:30:00+00:00,2026-07-01 12:30:00+00:00
PAY004871,ORD005395,2026-07-01 14:04:00+00:00,bank_transfer,success,7264000.0,ecommerce_api,2026-07-01 14:04:00+00:00,2026-07-01 14:04:00+00:00
PAY004872,ORD005396,2026-07-01 07:35:00+00:00,card,success,22487000.0,ecommerce_api,2026-07-01 07:35:00+00:00,2026-07-01 07:35:00+00:00
PAY004873,ORD005397,2026-07-01 03:54:00+00:00,cash,success,12337000.0,ecommerce_api,2026-07-01 03:54:00+00:00,2026-07-01 03:54:00+00:00
PAY004874,ORD005398,2026-07-01 10:55:00+00:00,e_wallet,success,15381500.0,ecommerce_api,2026-07-01 10:55:00+00:00,2026-07-01 10:55:00+00:00
PAY004875,ORD005399,2026-07-01 12:48:00+00:00,e_wallet,success,981000.0,ecommerce_api,2026-07-01 12:48:00+00:00,2026-07-01 12:48:00+00:00
PAY004876,ORD005400,2026-07-01 17:38:00+00:00,e_wallet,failed,6980000.0,ecommerce_api,2026-07-01 17:38:00+00:00,2026-07-01 17:38:00+00:00
PAY004877,ORD005401,2026-07-01 09:23:00+00:00,e_wallet,success,9858000.0,ecommerce_api,2026-07-01 09:23:00+00:00,2026-07-01 09:23:00+00:00
PAY004878,ORD005402,2026-07-01 06:18:00+00:00,bank_transfer,success,4666500.0,ecommerce_api,2026-07-01 06:18:00+00:00,2026-07-01 06:18:00+00:00
PAY004879,ORD005403,2026-07-01 19:41:00+00:00,bank_transfer,failed,8870500.0,ecommerce_api,2026-07-01 19:41:00+00:00,2026-07-01 19:41:00+00:00
PAY004880,ORD005404,2026-07-01 14:54:00+00:00,cash,success,14219500.0,ecommerce_api,2026-07-01 14:54:00+00:00,2026-07-01 14:54:00+00:00
PAY004881,ORD005405,2026-07-01 06:06:00+00:00,e_wallet,success,7700000.0,ecommerce_api,2026-07-01 06:06:00+00:00,2026-07-01 06:06:00+00:00
PAY004882,ORD005406,2026-07-01 03:34:00+00:00,bank_transfer,success,20913000.0,ecommerce_api,2026-07-01 03:34:00+00:00,2026-07-01 03:34:00+00:00
PAY004883,ORD005408,2026-07-01 04:53:00+00:00,card,success,4000000.0,ecommerce_api,2026-07-01 04:53:00+00:00,2026-07-01 04:53:00+00:00
PAY004884,ORD005409,2026-07-01 09:27:00+00:00,cash,failed,14044000.0,ecommerce_api,2026-07-01 09:27:00+00:00,2026-07-01 09:27:00+00:00
PAY004885,ORD005410,2026-07-01 06:14:00+00:00,card,success,28543000.0,ecommerce_api,2026-07-01 06:14:00+00:00,2026-07-01 06:14:00+00:00
PAY004886,ORD005411,2026-07-01 04:46:00+00:00,cash,success,1763500.0,ecommerce_api,2026-07-01 04:46:00+00:00,2026-07-01 04:46:00+00:00
PAY004887,ORD005412,2026-07-01 11:20:00+00:00,e_wallet,failed,18060000.0,ecommerce_api,2026-07-01 11:20:00+00:00,2026-07-01 11:20:00+00:00
PAY004888,ORD005413,2026-07-01 17:15:00+00:00,bank_transfer,success,7162000.0,ecommerce_api,2026-07-01 17:15:00+00:00,2026-07-01 17:15:00+00:00
PAY004889,ORD005414,2026-07-01 01:51:00+00:00,e_wallet,success,8274000.0,ecommerce_api,2026-07-01 01:51:00+00:00,2026-07-01 01:51:00+00:00
PAY004890,ORD005415,2026-07-01 06:38:00+00:00,e_wallet,success,31989500.0,ecommerce_api,2026-07-01 06:38:00+00:00,2026-07-01 06:38:00+00:00
PAY004891,ORD005416,2026-07-01 08:40:00+00:00,cash,success,16481500.0,ecommerce_api,2026-07-01 08:40:00+00:00,2026-07-01 08:40:00+00:00
PAY004892,ORD005417,2026-07-01 06:56:00+00:00,cash,failed,10361000.0,ecommerce_api,2026-07-01 06:56:00+00:00,2026-07-01 06:56:00+00:00
PAY004893,ORD005418,2026-07-01 07:27:00+00:00,card,success,29066000.0,ecommerce_api,2026-07-01 07:27:00+00:00,2026-07-01 07:27:00+00:00
PAY004894,ORD005421,2026-07-01 16:54:00+00:00,cash,success,5878000.0,ecommerce_api,2026-07-01 16:54:00+00:00,2026-07-01 16:54:00+00:00
PAY004895,ORD005422,2026-07-01 10:59:00+00:00,e_wallet,success,7540000.0,ecommerce_api,2026-07-01 10:59:00+00:00,2026-07-01 10:59:00+00:00
PAY004896,ORD005423,2026-07-01 15:11:00+00:00,e_wallet,failed,16717000.0,ecommerce_api,2026-07-01 15:11:00+00:00,2026-07-01 15:11:00+00:00
PAY004897,ORD005424,2026-07-01 05:01:00+00:00,bank_transfer,success,20624000.0,ecommerce_api,2026-07-01 05:01:00+00:00,2026-07-01 05:01:00+00:00
PAY004898,ORD005425,2026-07-01 14:38:00+00:00,card,failed,13397000.0,ecommerce_api,2026-07-01 14:38:00+00:00,2026-07-01 14:38:00+00:00
PAY004899,ORD005426,2026-07-01 13:29:00+00:00,bank_transfer,pending,11379000.0,ecommerce_api,2026-07-01 13:29:00+00:00,2026-07-01 13:29:00+00:00
PAY004900,ORD005427,2026-07-01 12:45:00+00:00,e_wallet,success,11714000.0,ecommerce_api,2026-07-01 12:45:00+00:00,2026-07-01 12:45:00+00:00
PAY004901,ORD005428,2026-07-01 03:59:00+00:00,cash,success,19467000.0,ecommerce_api,2026-07-01 03:59:00+00:00,2026-07-01 03:59:00+00:00
PAY004902,ORD005430,2026-07-01 05:25:00+00:00,card,failed,7564000.0,ecommerce_api,2026-07-01 05:25:00+00:00,2026-07-01 05:25:00+00:00
PAY004903,ORD005431,2026-07-01 09:20:00+00:00,e_wallet,success,26160000.0,ecommerce_api,2026-07-01 09:20:00+00:00,2026-07-01 09:20:00+00:00
PAY004904,ORD005432,2026-07-01 16:21:00+00:00,bank_transfer,success,978500.0,ecommerce_api,2026-07-01 16:21:00+00:00,2026-07-01 16:21:00+00:00
PAY004905,ORD005433,2026-07-01 07:48:00+00:00,e_wallet,success,10697500.0,ecommerce_api,2026-07-01 07:48:00+00:00,2026-07-01 07:48:00+00:00
PAY004906,ORD005434,2026-07-01 18:44:00+00:00,e_wallet,pending,10278500.0,ecommerce_api,2026-07-01 18:44:00+00:00,2026-07-01 18:44:00+00:00
PAY004907,ORD005435,2026-07-01 08:09:00+00:00,bank_transfer,success,1940000.0,ecommerce_api,2026-07-01 08:09:00+00:00,2026-07-01 08:09:00+00:00
PAY004908,ORD005436,2026-07-01 12:28:00+00:00,cash,success,17772000.0,ecommerce_api,2026-07-01 12:28:00+00:00,2026-07-01 12:28:00+00:00
PAY004909,ORD005437,2026-07-01 12:28:00+00:00,bank_transfer,success,13086000.0,ecommerce_api,2026-07-01 12:28:00+00:00,2026-07-01 12:28:00+00:00
PAY004910,ORD005438,2026-07-01 08:34:00+00:00,cash,success,11471500.0,ecommerce_api,2026-07-01 08:34:00+00:00,2026-07-01 08:34:00+00:00
PAY004911,ORD005439,2026-07-01 10:44:00+00:00,cash,success,20552000.0,ecommerce_api,2026-07-01 10:44:00+00:00,2026-07-01 10:44:00+00:00
PAY004912,ORD005440,2026-07-01 16:12:00+00:00,e_wallet,pending,14910500.0,ecommerce_api,2026-07-01 16:12:00+00:00,2026-07-01 16:12:00+00:00
PAY004913,ORD005442,2026-07-01 13:57:00+00:00,e_wallet,success,228000.0,ecommerce_api,2026-07-01 13:57:00+00:00,2026-07-01 13:57:00+00:00
PAY004914,ORD005443,2026-07-01 12:23:00+00:00,e_wallet,success,5176000.0,ecommerce_api,2026-07-01 12:23:00+00:00,2026-07-01 12:23:00+00:00
PAY004915,ORD005444,2026-07-01 13:56:00+00:00,cash,success,18068000.0,ecommerce_api,2026-07-01 13:56:00+00:00,2026-07-01 13:56:00+00:00
PAY004916,ORD005445,2026-07-01 11:56:00+00:00,card,success,5948500.0,ecommerce_api,2026-07-01 11:56:00+00:00,2026-07-01 11:56:00+00:00
PAY004917,ORD005446,2026-07-01 06:01:00+00:00,e_wallet,failed,14590000.0,ecommerce_api,2026-07-01 06:01:00+00:00,2026-07-01 06:01:00+00:00
PAY004918,ORD005447,2026-07-01 16:56:00+00:00,cash,failed,30113000.0,ecommerce_api,2026-07-01 16:56:00+00:00,2026-07-01 16:56:00+00:00
PAY004919,ORD005448,2026-07-01 03:43:00+00:00,e_wallet,success,17106000.0,ecommerce_api,2026-07-01 03:43:00+00:00,2026-07-01 03:43:00+00:00
PAY004920,ORD005449,2026-07-01 18:09:00+00:00,cash,pending,10820000.0,ecommerce_api,2026-07-01 18:09:00+00:00,2026-07-01 18:09:00+00:00
PAY004921,ORD005450,2026-07-01 11:46:00+00:00,card,success,25312000.0,ecommerce_api,2026-07-01 11:46:00+00:00,2026-07-01 11:46:00+00:00
PAY004922,ORD005452,2026-07-01 08:00:00+00:00,cash,success,8460000.0,ecommerce_api,2026-07-01 08:00:00+00:00,2026-07-01 08:00:00+00:00
PAY004923,ORD005454,2026-07-01 02:42:00+00:00,e_wallet,success,3528000.0,ecommerce_api,2026-07-01 02:42:00+00:00,2026-07-01 02:42:00+00:00
PAY004924,ORD005455,2026-07-01 07:08:00+00:00,e_wallet,success,18657500.0,ecommerce_api,2026-07-01 07:08:00+00:00,2026-07-01 07:08:00+00:00
PAY004925,ORD005456,2026-07-01 16:47:00+00:00,bank_transfer,success,11434000.0,ecommerce_api,2026-07-01 16:47:00+00:00,2026-07-01 16:47:00+00:00
PAY004926,ORD005457,2026-07-01 10:33:00+00:00,e_wallet,success,7251000.0,ecommerce_api,2026-07-01 10:33:00+00:00,2026-07-01 10:33:00+00:00
PAY004927,ORD005459,2026-07-01 04:18:00+00:00,card,success,16038000.0,ecommerce_api,2026-07-01 04:18:00+00:00,2026-07-01 04:18:00+00:00
PAY004928,ORD005460,2026-07-01 20:16:00+00:00,card,success,8964000.0,ecommerce_api,2026-07-01 20:16:00+00:00,2026-07-01 20:16:00+00:00
PAY004929,ORD005461,2026-07-01 04:20:00+00:00,bank_transfer,success,3120000.0,ecommerce_api,2026-07-01 04:20:00+00:00,2026-07-01 04:20:00+00:00
PAY004930,ORD005462,2026-07-01 11:23:00+00:00,bank_transfer,success,15299000.0,ecommerce_api,2026-07-01 11:23:00+00:00,2026-07-01 11:23:00+00:00
PAY004931,ORD005463,2026-07-01 15:26:00+00:00,bank_transfer,success,11872000.0,ecommerce_api,2026-07-01 15:26:00+00:00,2026-07-01 15:26:00+00:00
PAY004932,ORD005464,2026-07-01 05:39:00+00:00,e_wallet,success,18960000.0,ecommerce_api,2026-07-01 05:39:00+00:00,2026-07-01 05:39:00+00:00
PAY004933,ORD005465,2026-07-01 06:16:00+00:00,card,success,17823000.0,ecommerce_api,2026-07-01 06:16:00+00:00,2026-07-01 06:16:00+00:00
PAY004934,ORD005466,2026-07-01 18:18:00+00:00,cash,success,4959000.0,ecommerce_api,2026-07-01 18:18:00+00:00,2026-07-01 18:18:00+00:00
PAY004935,ORD005467,2026-07-01 17:17:00+00:00,cash,success,5823000.0,ecommerce_api,2026-07-01 17:17:00+00:00,2026-07-01 17:17:00+00:00
PAY004936,ORD005468,2026-07-01 05:47:00+00:00,card,success,10970000.0,ecommerce_api,2026-07-01 05:47:00+00:00,2026-07-01 05:47:00+00:00
PAY004937,ORD005469,2026-07-01 11:44:00+00:00,card,success,13884500.0,ecommerce_api,2026-07-01 11:44:00+00:00,2026-07-01 11:44:00+00:00
PAY004938,ORD005471,2026-07-01 12:04:00+00:00,cash,success,4920000.0,ecommerce_api,2026-07-01 12:04:00+00:00,2026-07-01 12:04:00+00:00
PAY004939,ORD005472,2026-07-01 03:23:00+00:00,bank_transfer,failed,4948000.0,ecommerce_api,2026-07-01 03:23:00+00:00,2026-07-01 03:23:00+00:00
PAY004940,ORD005473,2026-07-01 06:10:00+00:00,cash,success,20444000.0,ecommerce_api,2026-07-01 06:10:00+00:00,2026-07-01 06:10:00+00:00
PAY004941,ORD005474,2026-07-01 05:39:00+00:00,e_wallet,failed,18168000.0,ecommerce_api,2026-07-01 05:39:00+00:00,2026-07-01 05:39:00+00:00
PAY004942,ORD005475,2026-07-01 15:03:00+00:00,cash,success,11202000.0,ecommerce_api,2026-07-01 15:03:00+00:00,2026-07-01 15:03:00+00:00
PAY004943,ORD005476,2026-07-01 09:13:00+00:00,e_wallet,failed,8574000.0,ecommerce_api,2026-07-01 09:13:00+00:00,2026-07-01 09:13:00+00:00
PAY004944,ORD005477,2026-07-01 14:56:00+00:00,cash,success,3231000.0,ecommerce_api,2026-07-01 14:56:00+00:00,2026-07-01 14:56:00+00:00
PAY004945,ORD005478,2026-07-01 15:34:00+00:00,cash,success,1920000.0,ecommerce_api,2026-07-01 15:34:00+00:00,2026-07-01 15:34:00+00:00
PAY004946,ORD005479,2026-07-01 08:40:00+00:00,e_wallet,success,16112500.0,ecommerce_api,2026-07-01 08:40:00+00:00,2026-07-01 08:40:00+00:00
PAY004947,ORD005481,2026-07-01 16:48:00+00:00,e_wallet,success,13236000.0,ecommerce_api,2026-07-01 16:48:00+00:00,2026-07-01 16:48:00+00:00
PAY004948,ORD005482,2026-07-01 04:19:00+00:00,e_wallet,success,14812500.0,ecommerce_api,2026-07-01 04:19:00+00:00,2026-07-01 04:19:00+00:00
PAY004949,ORD005484,2026-07-01 16:15:00+00:00,cash,success,25687000.0,ecommerce_api,2026-07-01 16:15:00+00:00,2026-07-01 16:15:00+00:00
PAY004950,ORD005485,2026-07-01 07:36:00+00:00,bank_transfer,success,5685000.0,ecommerce_api,2026-07-01 07:36:00+00:00,2026-07-01 07:36:00+00:00
PAY004951,ORD005486,2026-07-01 07:11:00+00:00,e_wallet,success,16298000.0,ecommerce_api,2026-07-01 07:11:00+00:00,2026-07-01 07:11:00+00:00
PAY004952,ORD005487,2026-07-01 20:22:00+00:00,card,pending,230000.0,ecommerce_api,2026-07-01 20:22:00+00:00,2026-07-01 20:22:00+00:00
PAY004953,ORD005488,2026-07-01 11:21:00+00:00,card,pending,12672000.0,ecommerce_api,2026-07-01 11:21:00+00:00,2026-07-01 11:21:00+00:00
PAY004954,ORD005489,2026-07-01 07:03:00+00:00,bank_transfer,success,11220500.0,ecommerce_api,2026-07-01 07:03:00+00:00,2026-07-01 07:03:00+00:00
PAY004955,ORD005490,2026-07-01 08:09:00+00:00,bank_transfer,success,4140000.0,ecommerce_api,2026-07-01 08:09:00+00:00,2026-07-01 08:09:00+00:00
PAY004956,ORD005491,2026-07-01 11:20:00+00:00,cash,success,4710000.0,ecommerce_api,2026-07-01 11:20:00+00:00,2026-07-01 11:20:00+00:00
PAY004957,ORD005492,2026-07-01 02:22:00+00:00,e_wallet,success,1090000.0,ecommerce_api,2026-07-01 02:22:00+00:00,2026-07-01 02:22:00+00:00
PAY004958,ORD005493,2026-07-01 05:54:00+00:00,e_wallet,success,2130000.0,ecommerce_api,2026-07-01 05:54:00+00:00,2026-07-01 05:54:00+00:00
PAY004959,ORD005494,2026-07-01 16:10:00+00:00,e_wallet,success,3555000.0,ecommerce_api,2026-07-01 16:10:00+00:00,2026-07-01 16:10:00+00:00
PAY004960,ORD005495,2026-07-01 15:43:00+00:00,e_wallet,success,11282500.0,ecommerce_api,2026-07-01 15:43:00+00:00,2026-07-01 15:43:00+00:00
PAY004961,ORD005496,2026-07-01 02:32:00+00:00,e_wallet,success,17757500.0,ecommerce_api,2026-07-01 02:32:00+00:00,2026-07-01 02:32:00+00:00
PAY004962,ORD005497,2026-07-01 13:19:00+00:00,e_wallet,success,23615000.0,ecommerce_api,2026-07-01 13:19:00+00:00,2026-07-01 13:19:00+00:00
PAY004963,ORD005498,2026-07-01 16:47:00+00:00,cash,success,25097000.0,ecommerce_api,2026-07-01 16:47:00+00:00,2026-07-01 16:47:00+00:00
PAY004964,ORD005499,2026-07-01 17:15:00+00:00,e_wallet,success,10474000.0,ecommerce_api,2026-07-01 17:15:00+00:00,2026-07-01 17:15:00+00:00
PAY004965,ORD005500,2026-07-01 15:02:00+00:00,cash,failed,13704500.0,ecommerce_api,2026-07-01 15:02:00+00:00,2026-07-01 15:02:00+00:00
PAY004966,ORD005501,2026-07-01 14:36:00+00:00,bank_transfer,success,9081000.0,ecommerce_api,2026-07-01 14:36:00+00:00,2026-07-01 14:36:00+00:00
PAY004967,ORD005502,2026-07-01 07:42:00+00:00,e_wallet,success,4914000.0,ecommerce_api,2026-07-01 07:42:00+00:00,2026-07-01 07:42:00+00:00
PAY004968,ORD005503,2026-07-01 12:57:00+00:00,card,success,7118500.0,ecommerce_api,2026-07-01 12:57:00+00:00,2026-07-01 12:57:00+00:00
PAY004969,ORD005504,2026-07-01 16:10:00+00:00,cash,success,11746000.0,ecommerce_api,2026-07-01 16:10:00+00:00,2026-07-01 16:10:00+00:00
PAY004970,ORD005506,2026-07-01 07:53:00+00:00,e_wallet,success,9740000.0,ecommerce_api,2026-07-01 07:53:00+00:00,2026-07-01 07:53:00+00:00
PAY004971,ORD005507,2026-07-01 17:11:00+00:00,e_wallet,success,20310000.0,ecommerce_api,2026-07-01 17:11:00+00:00,2026-07-01 17:11:00+00:00
PAY004972,ORD005508,2026-07-01 05:46:00+00:00,e_wallet,success,6467000.0,ecommerce_api,2026-07-01 05:46:00+00:00,2026-07-01 05:46:00+00:00
PAY004973,ORD005509,2026-07-01 07:49:00+00:00,e_wallet,pending,8176500.0,ecommerce_api,2026-07-01 07:49:00+00:00,2026-07-01 07:49:00+00:00
PAY004974,ORD005510,2026-07-01 02:01:00+00:00,cash,failed,2760000.0,ecommerce_api,2026-07-01 02:01:00+00:00,2026-07-01 02:01:00+00:00
PAY004975,ORD005511,2026-07-01 19:15:00+00:00,bank_transfer,success,3771000.0,ecommerce_api,2026-07-01 19:15:00+00:00,2026-07-01 19:15:00+00:00
PAY004976,ORD005513,2026-07-01 09:59:00+00:00,bank_transfer,success,11250000.0,ecommerce_api,2026-07-01 09:59:00+00:00,2026-07-01 09:59:00+00:00
PAY004977,ORD005514,2026-07-01 11:11:00+00:00,e_wallet,success,8626500.0,ecommerce_api,2026-07-01 11:11:00+00:00,2026-07-01 11:11:00+00:00
PAY004978,ORD005515,2026-07-01 09:31:00+00:00,e_wallet,success,6380000.0,ecommerce_api,2026-07-01 09:31:00+00:00,2026-07-01 09:31:00+00:00
PAY004979,ORD005516,2026-07-01 18:34:00+00:00,cash,success,13922000.0,ecommerce_api,2026-07-01 18:34:00+00:00,2026-07-01 18:34:00+00:00
PAY004980,ORD005517,2026-07-01 16:48:00+00:00,bank_transfer,success,4835000.0,ecommerce_api,2026-07-01 16:48:00+00:00,2026-07-01 16:48:00+00:00
PAY004981,ORD005518,2026-07-01 05:27:00+00:00,cash,success,10041500.0,ecommerce_api,2026-07-01 05:27:00+00:00,2026-07-01 05:27:00+00:00
PAY004982,ORD005519,2026-07-01 04:52:00+00:00,card,failed,12632000.0,ecommerce_api,2026-07-01 04:52:00+00:00,2026-07-01 04:52:00+00:00
PAY004983,ORD005520,2026-07-01 20:09:00+00:00,card,failed,10660000.0,ecommerce_api,2026-07-01 20:09:00+00:00,2026-07-01 20:09:00+00:00
PAY004984,ORD005521,2026-07-01 13:54:00+00:00,card,success,12500000.0,ecommerce_api,2026-07-01 13:54:00+00:00,2026-07-01 13:54:00+00:00
PAY004985,ORD005522,2026-07-01 16:28:00+00:00,card,success,9685000.0,ecommerce_api,2026-07-01 16:28:00+00:00,2026-07-01 16:28:00+00:00
PAY004986,ORD005523,2026-07-01 05:25:00+00:00,e_wallet,pending,6246000.0,ecommerce_api,2026-07-01 05:25:00+00:00,2026-07-01 05:25:00+00:00
PAY004987,ORD005524,2026-07-01 13:57:00+00:00,card,success,7620000.0,ecommerce_api,2026-07-01 13:57:00+00:00,2026-07-01 13:57:00+00:00
PAY004988,ORD005525,2026-07-01 04:27:00+00:00,e_wallet,success,570000.0,ecommerce_api,2026-07-01 04:27:00+00:00,2026-07-01 04:27:00+00:00
PAY004989,ORD005526,2026-07-01 16:43:00+00:00,cash,success,5750000.0,ecommerce_api,2026-07-01 16:43:00+00:00,2026-07-01 16:43:00+00:00
PAY004990,ORD005527,2026-07-01 08:29:00+00:00,cash,success,16870000.0,ecommerce_api,2026-07-01 08:29:00+00:00,2026-07-01 08:29:00+00:00
PAY004991,ORD005528,2026-07-01 10:37:00+00:00,card,success,15346500.0,ecommerce_api,2026-07-01 10:37:00+00:00,2026-07-01 10:37:00+00:00
PAY004992,ORD005529,2026-07-01 15:08:00+00:00,card,success,14457000.0,ecommerce_api,2026-07-01 15:08:00+00:00,2026-07-01 15:08:00+00:00
PAY004993,ORD005530,2026-07-01 13:25:00+00:00,card,success,19703000.0,ecommerce_api,2026-07-01 13:25:00+00:00,2026-07-01 13:25:00+00:00
PAY004994,ORD005532,2026-07-01 16:55:00+00:00,cash,success,8469000.0,ecommerce_api,2026-07-01 16:55:00+00:00,2026-07-01 16:55:00+00:00
PAY004995,ORD005533,2026-07-01 18:09:00+00:00,card,success,5560000.0,ecommerce_api,2026-07-01 18:09:00+00:00,2026-07-01 18:09:00+00:00
PAY004996,ORD005534,2026-07-01 05:50:00+00:00,cash,success,18623000.0,ecommerce_api,2026-07-01 05:50:00+00:00,2026-07-01 05:50:00+00:00
PAY004997,ORD005535,2026-07-01 13:15:00+00:00,bank_transfer,success,8407000.0,ecommerce_api,2026-07-01 13:15:00+00:00,2026-07-01 13:15:00+00:00
PAY004998,ORD005536,2026-07-01 08:48:00+00:00,e_wallet,success,6680000.0,ecommerce_api,2026-07-01 08:48:00+00:00,2026-07-01 08:48:00+00:00
PAY004999,ORD005537,2026-07-01 17:13:00+00:00,e_wallet,success,14827000.0,ecommerce_api,2026-07-01 17:13:00+00:00,2026-07-01 17:13:00+00:00
PAY005000,ORD005538,2026-07-01 18:12:00+00:00,cash,pending,16490000.0,ecommerce_api,2026-07-01 18:12:00+00:00,2026-07-01 18:12:00+00:00
PAY005001,ORD005539,2026-07-01 09:08:00+00:00,card,failed,446500.0,ecommerce_api,2026-07-01 09:08:00+00:00,2026-07-01 09:08:00+00:00
PAY005002,ORD005540,2026-07-01 09:07:00+00:00,cash,success,9990000.0,ecommerce_api,2026-07-01 09:07:00+00:00,2026-07-01 09:07:00+00:00
PAY005003,ORD005541,2026-07-01 17:52:00+00:00,cash,success,17421000.0,ecommerce_api,2026-07-01 17:52:00+00:00,2026-07-01 17:52:00+00:00
PAY005004,ORD005542,2026-07-01 06:19:00+00:00,bank_transfer,success,7957000.0,ecommerce_api,2026-07-01 06:19:00+00:00,2026-07-01 06:19:00+00:00
PAY005005,ORD005543,2026-07-01 10:27:00+00:00,cash,success,25764000.0,ecommerce_api,2026-07-01 10:27:00+00:00,2026-07-01 10:27:00+00:00
PAY005006,ORD005544,2026-07-01 03:17:00+00:00,cash,success,12400000.0,ecommerce_api,2026-07-01 03:17:00+00:00,2026-07-01 03:17:00+00:00
PAY005007,ORD005545,2026-07-01 03:39:00+00:00,card,success,14005000.0,ecommerce_api,2026-07-01 03:39:00+00:00,2026-07-01 03:39:00+00:00
PAY005008,ORD005546,2026-07-01 04:54:00+00:00,e_wallet,failed,20544000.0,ecommerce_api,2026-07-01 04:54:00+00:00,2026-07-01 04:54:00+00:00
PAY005009,ORD005547,2026-07-01 13:15:00+00:00,bank_transfer,success,4788000.0,ecommerce_api,2026-07-01 13:15:00+00:00,2026-07-01 13:15:00+00:00
PAY005010,ORD005548,2026-07-01 12:28:00+00:00,e_wallet,failed,12375000.0,ecommerce_api,2026-07-01 12:28:00+00:00,2026-07-01 12:28:00+00:00
PAY005011,ORD005549,2026-07-01 15:34:00+00:00,bank_transfer,success,5006500.0,ecommerce_api,2026-07-01 15:34:00+00:00,2026-07-01 15:34:00+00:00
PAY005012,ORD005550,2026-07-01 08:15:00+00:00,cash,failed,12754000.0,ecommerce_api,2026-07-01 08:15:00+00:00,2026-07-01 08:15:00+00:00
PAY005013,ORD005551,2026-07-01 10:56:00+00:00,bank_transfer,success,11565000.0,ecommerce_api,2026-07-01 10:56:00+00:00,2026-07-01 10:56:00+00:00
PAY005014,ORD005552,2026-07-01 14:27:00+00:00,bank_transfer,pending,16036000.0,ecommerce_api,2026-07-01 14:27:00+00:00,2026-07-01 14:27:00+00:00
PAY005015,ORD005553,2026-07-01 06:36:00+00:00,e_wallet,success,9062000.0,ecommerce_api,2026-07-01 06:36:00+00:00,2026-07-01 06:36:00+00:00
PAY005016,ORD005554,2026-07-01 09:53:00+00:00,bank_transfer,success,18372000.0,ecommerce_api,2026-07-01 09:53:00+00:00,2026-07-01 09:53:00+00:00
PAY005017,ORD005555,2026-07-01 06:08:00+00:00,bank_transfer,success,23225000.0,ecommerce_api,2026-07-01 06:08:00+00:00,2026-07-01 06:08:00+00:00
PAY005018,ORD005556,2026-07-01 11:12:00+00:00,bank_transfer,failed,6420500.0,ecommerce_api,2026-07-01 11:12:00+00:00,2026-07-01 11:12:00+00:00
PAY005019,ORD005557,2026-07-01 11:33:00+00:00,card,success,20820000.0,ecommerce_api,2026-07-01 11:33:00+00:00,2026-07-01 11:33:00+00:00
PAY005020,ORD005558,2026-07-01 13:06:00+00:00,bank_transfer,failed,21688000.0,ecommerce_api,2026-07-01 13:06:00+00:00,2026-07-01 13:06:00+00:00
PAY005021,ORD005561,2026-07-01 09:24:00+00:00,cash,success,19284500.0,ecommerce_api,2026-07-01 09:24:00+00:00,2026-07-01 09:24:00+00:00
PAY005022,ORD005562,2026-07-01 15:26:00+00:00,bank_transfer,success,11423000.0,ecommerce_api,2026-07-01 15:26:00+00:00,2026-07-01 15:26:00+00:00
PAY005023,ORD005564,2026-07-01 04:21:00+00:00,card,success,21875000.0,ecommerce_api,2026-07-01 04:21:00+00:00,2026-07-01 04:21:00+00:00
PAY005024,ORD005567,2026-07-01 12:26:00+00:00,e_wallet,failed,22311000.0,ecommerce_api,2026-07-01 12:26:00+00:00,2026-07-01 12:26:00+00:00
PAY005025,ORD005569,2026-07-01 15:26:00+00:00,card,failed,26214000.0,ecommerce_api,2026-07-01 15:26:00+00:00,2026-07-01 15:26:00+00:00
PAY005026,ORD005570,2026-07-01 03:28:00+00:00,bank_transfer,pending,1368000.0,ecommerce_api,2026-07-01 03:28:00+00:00,2026-07-01 03:28:00+00:00
PAY005027,ORD005571,2026-07-01 08:23:00+00:00,e_wallet,failed,1150000.0,ecommerce_api,2026-07-01 08:23:00+00:00,2026-07-01 08:23:00+00:00
PAY005028,ORD005572,2026-07-01 07:23:00+00:00,bank_transfer,success,14145000.0,ecommerce_api,2026-07-01 07:23:00+00:00,2026-07-01 07:23:00+00:00
PAY005029,ORD005573,2026-07-01 13:41:00+00:00,card,success,8246000.0,ecommerce_api,2026-07-01 13:41:00+00:00,2026-07-01 13:41:00+00:00
PAY005030,ORD005574,2026-07-01 06:52:00+00:00,bank_transfer,pending,23773000.0,ecommerce_api,2026-07-01 06:52:00+00:00,2026-07-01 06:52:00+00:00
PAY005031,ORD005575,2026-07-01 07:07:00+00:00,card,pending,13400500.0,ecommerce_api,2026-07-01 07:07:00+00:00,2026-07-01 07:07:00+00:00
PAY005032,ORD005576,2026-07-01 10:18:00+00:00,card,pending,8845000.0,ecommerce_api,2026-07-01 10:18:00+00:00,2026-07-01 10:18:00+00:00
PAY005033,ORD005578,2026-07-01 15:04:00+00:00,cash,success,16736500.0,ecommerce_api,2026-07-01 15:04:00+00:00,2026-07-01 15:04:00+00:00
PAY005034,ORD005579,2026-07-01 05:49:00+00:00,cash,success,15157500.0,ecommerce_api,2026-07-01 05:49:00+00:00,2026-07-01 05:49:00+00:00
PAY005035,ORD005580,2026-07-01 06:12:00+00:00,e_wallet,success,25890000.0,ecommerce_api,2026-07-01 06:12:00+00:00,2026-07-01 06:12:00+00:00
PAY005036,ORD005581,2026-07-01 11:42:00+00:00,e_wallet,pending,7501500.0,ecommerce_api,2026-07-01 11:42:00+00:00,2026-07-01 11:42:00+00:00
PAY005037,ORD005582,2026-07-01 11:16:00+00:00,bank_transfer,pending,5868500.0,ecommerce_api,2026-07-01 11:16:00+00:00,2026-07-01 11:16:00+00:00
PAY005038,ORD005583,2026-07-01 16:46:00+00:00,e_wallet,failed,8194000.0,ecommerce_api,2026-07-01 16:46:00+00:00,2026-07-01 16:46:00+00:00
PAY005039,ORD005584,2026-07-01 10:36:00+00:00,e_wallet,pending,12720000.0,ecommerce_api,2026-07-01 10:36:00+00:00,2026-07-01 10:36:00+00:00
PAY005040,ORD005585,2026-07-01 08:41:00+00:00,bank_transfer,success,700000.0,ecommerce_api,2026-07-01 08:41:00+00:00,2026-07-01 08:41:00+00:00
PAY005041,ORD005586,2026-07-01 05:04:00+00:00,cash,success,9060000.0,ecommerce_api,2026-07-01 05:04:00+00:00,2026-07-01 05:04:00+00:00
PAY005042,ORD005587,2026-07-01 13:36:00+00:00,card,failed,4740000.0,ecommerce_api,2026-07-01 13:36:00+00:00,2026-07-01 13:36:00+00:00
PAY005043,ORD005590,2026-07-01 10:58:00+00:00,e_wallet,success,21510000.0,ecommerce_api,2026-07-01 10:58:00+00:00,2026-07-01 10:58:00+00:00
PAY005044,ORD005591,2026-07-01 12:26:00+00:00,e_wallet,success,14916000.0,ecommerce_api,2026-07-01 12:26:00+00:00,2026-07-01 12:26:00+00:00
PAY005045,ORD005592,2026-07-01 08:16:00+00:00,e_wallet,failed,4940000.0,ecommerce_api,2026-07-01 08:16:00+00:00,2026-07-01 08:16:00+00:00
PAY005046,ORD005593,2026-07-01 08:39:00+00:00,card,pending,13179000.0,ecommerce_api,2026-07-01 08:39:00+00:00,2026-07-01 08:39:00+00:00
PAY005047,ORD005594,2026-07-01 14:07:00+00:00,bank_transfer,success,17523000.0,ecommerce_api,2026-07-01 14:07:00+00:00,2026-07-01 14:07:00+00:00
PAY005048,ORD005595,2026-07-01 13:18:00+00:00,cash,success,5760000.0,ecommerce_api,2026-07-01 13:18:00+00:00,2026-07-01 13:18:00+00:00
PAY005049,ORD005596,2026-07-01 11:05:00+00:00,bank_transfer,success,6676000.0,ecommerce_api,2026-07-01 11:05:00+00:00,2026-07-01 11:05:00+00:00
PAY005050,ORD005597,2026-07-01 04:56:00+00:00,cash,failed,8252000.0,ecommerce_api,2026-07-01 04:56:00+00:00,2026-07-01 04:56:00+00:00
PAY005051,ORD005598,2026-07-01 15:25:00+00:00,card,failed,6740000.0,ecommerce_api,2026-07-01 15:25:00+00:00,2026-07-01 15:25:00+00:00
PAY005052,ORD005599,2026-07-01 14:15:00+00:00,bank_transfer,success,11961000.0,ecommerce_api,2026-07-01 14:15:00+00:00,2026-07-01 14:15:00+00:00
PAY005053,ORD005600,2026-07-01 14:50:00+00:00,cash,failed,14630000.0,ecommerce_api,2026-07-01 14:50:00+00:00,2026-07-01 14:50:00+00:00
