product_id,category_id,product_name,unit_price,cost_price,status,source_system,created_at,updated_at
PRD000001,CAT018,Product 001 Note,990000.00,700000.00,active,seed,2025-09-17T08:00:00+07:00,2025-09-17T08:00:00+07:00
PRD000002,CAT013,Product 002 Far,170000.00,111000.00,active,seed,2025-08-23T08:00:00+07:00,2025-08-23T08:00:00+07:00
PRD000003,CAT012,Product 003 Physical,6380000.00,4665000.00,active,seed,2025-06-20T08:00:00+07:00,2025-06-20T08:00:00+07:00
PRD000004,CAT019,Product 004 Degree,6080000.00,3623000.00,inactive,seed,2025-06-07T08:00:00+07:00,2025-06-07T08:00:00+07:00
PRD000005,CAT011,Product 005 Step,6160000.00,4950000.00,active,seed,2025-03-27T08:00:00+07:00,2025-03-27T08:00:00+07:00
PRD000006,CAT018,Product 006 Fear,2320000.00,1572000.00,active,seed,2025-02-22T08:00:00+07:00,2025-02-22T08:00:00+07:00
PRD000007,CAT013,Product 007 Member,5780000.00,4722000.00,discontinued,seed,2025-08-09T08:00:00+07:00,2025-08-09T08:00:00+07:00
PRD000008,CAT016,Product 008 New,1180000.00,706000.00,active,seed,2025-03-20T08:00:00+07:00,2025-03-20T08:00:00+07:00
PRD000009,CAT010,Product 009 Both,810000.00,608000.00,active,seed,2025-02-12T08:00:00+07:00,2025-02-12T08:00:00+07:00
PRD000010,CAT018,Product 010 Myself,2980000.00,1805000.00,active,seed,2025-06-05T08:00:00+07:00,2025-06-05T08:00:00+07:00
PRD000011,CAT012,Product 011 If,2520000.00,1403000.00,active,seed,2025-04-12T08:00:00+07:00,2025-04-12T08:00:00+07:00
PRD000012,CAT017,Product 012 Feeling,2130000.00,1704000.00,active,seed,2025-10-03T08:00:00+07:00,2025-10-03T08:00:00+07:00
PRD000013,CAT010,Product 013 Suddenly,2600000.00,2022000.00,active,seed,2025-09-11T08:00:00+07:00,2025-09-11T08:00:00+07:00
PRD000014,CAT013,Product 014 Daughter,1490000.00,1244000.00,active,seed,2025-04-23T08:00:00+07:00,2025-04-23T08:00:00+07:00
PRD000015,CAT016,Product 015 Whatever,6690000.00,4713000.00,active,seed,2025-08-31T08:00:00+07:00,2025-08-31T08:00:00+07:00
PRD000016,CAT019,Product 016 Manage,7780000.00,4991000.00,active,seed,2025-10-28T08:00:00+07:00,2025-10-28T08:00:00+07:00
PRD000017,CAT012,Product 017 Almost,4240000.00,2733000.00,active,seed,2025-05-30T08:00:00+07:00,2025-05-30T08:00:00+07:00
PRD000018,CAT018,Product 018 Few,1550000.00,1174000.00,active,seed,2025-02-18T08:00:00+07:00,2025-02-18T08:00:00+07:00
PRD000019,CAT010,Product 019 Character,3820000.00,2636000.00,active,seed,2025-01-27T08:00:00+07:00,2025-01-27T08:00:00+07:00
PRD000020,CAT016,Product 020 News,1130000.00,668000.00,active,seed,2025-10-28T08:00:00+07:00,2025-10-28T08:00:00+07:00
PRD000021,CAT016,Product 021 Look,2460000.00,1971000.00,inactive,seed,2025-02-25T08:00:00+07:00,2025-02-25T08:00:00+07:00
PRD000022,CAT006,Product 022 Model,6540000.00,4140000.00,active,seed,2025-10-13T08:00:00+07:00,2025-10-13T08:00:00+07:00
PRD000023,CAT012,Product 023 Attention,5610000.00,3460000.00,active,seed,2025-08-05T08:00:00+07:00,2025-08-05T08:00:00+07:00
PRD000024,CAT012,Product 024 Pretty,5820000.00,4401000.00,active,seed,2025-03-23T08:00:00+07:00,2025-03-23T08:00:00+07:00
PRD000025,CAT011,Product 025 Truth,980000.00,595000.00,active,seed,2025-06-08T08:00:00+07:00,2025-06-08T08:00:00+07:00
PRD000026,CAT014,Product 026 Responsibility,6820000.00,5655000.00,active,seed,2025-02-23T08:00:00+07:00,2025-02-23T08:00:00+07:00
PRD000027,CAT011,Product 027 Account,5010000.00,4156000.00,active,seed,2025-05-17T08:00:00+07:00,2025-05-17T08:00:00+07:00
PRD000028,CAT012,Product 028 Blood,2360000.00,1983000.00,active,seed,2025-07-08T08:00:00+07:00,2025-07-08T08:00:00+07:00
PRD000029,CAT010,Product 029 Oil,3740000.00,2919000.00,active,seed,2025-02-23T08:00:00+07:00,2025-02-23T08:00:00+07:00
PRD000030,CAT010,Product 030 Picture,1340000.00,1128000.00,active,seed,2025-08-29T08:00:00+07:00,2025-08-29T08:00:00+07:00
PRD000031,CAT017,Product 031 Audience,2510000.00,2085000.00,active,seed,2025-04-30T08:00:00+07:00,2025-04-30T08:00:00+07:00
PRD000032,CAT012,Product 032 Call,7120000.00,5943000.00,active,seed,2025-06-23T08:00:00+07:00,2025-06-23T08:00:00+07:00
PRD000033,CAT019,Product 033 Least,6110000.00,4582000.00,active,seed,2025-01-31T08:00:00+07:00,2025-01-31T08:00:00+07:00
PRD000034,CAT006,Product 034 Green,3310000.00,2280000.00,active,seed,2025-09-14T08:00:00+07:00,2025-09-14T08:00:00+07:00
PRD000035,CAT019,Product 035 Policy,1900000.00,1578000.00,active,seed,2025-05-14T08:00:00+07:00,2025-05-14T08:00:00+07:00
PRD000036,CAT007,Product 036 Quite,4290000.00,2828000.00,active,seed,2025-02-17T08:00:00+07:00,2025-02-17T08:00:00+07:00
PRD000037,CAT016,Product 037 First,240000.00,137000.00,inactive,seed,2025-06-06T08:00:00+07:00,2025-06-06T08:00:00+07:00
PRD000038,CAT009,Product 038 Should,5880000.00,4305000.00,active,seed,2025-09-08T08:00:00+07:00,2025-09-08T08:00:00+07:00
PRD000039,CAT014,Product 039 However,740000.00,484000.00,active,seed,2025-04-03T08:00:00+07:00,2025-04-03T08:00:00+07:00
PRD000040,CAT014,Product 040 Detail,6300000.00,4195000.00,active,seed,2025-03-10T08:00:00+07:00,2025-03-10T08:00:00+07:00
PRD000041,CAT010,Product 041 Rest,6370000.00,4963000.00,active,seed,2025-04-06T08:00:00+07:00,2025-04-06T08:00:00+07:00
PRD000042,CAT020,Product 042 Unit,5120000.00,2851000.00,active,seed,2025-09-25T08:00:00+07:00,2025-09-25T08:00:00+07:00
PRD000043,CAT013,Product 043 Grow,790000.00,553000.00,active,seed,2025-04-26T08:00:00+07:00,2025-04-26T08:00:00+07:00
PRD000044,CAT006,Product 044 Upon,900000.00,628000.00,active,seed,2025-08-11T08:00:00+07:00,2025-08-11T08:00:00+07:00
PRD000045,CAT008,Product 045 Cut,2790000.00,2072000.00,active,seed,2025-02-13T08:00:00+07:00,2025-02-13T08:00:00+07:00
PRD000046,CAT020,Product 046 College,3140000.00,2563000.00,active,seed,2025-06-11T08:00:00+07:00,2025-06-11T08:00:00+07:00
PRD000047,CAT011,Product 047 Month,5010000.00,3477000.00,active,seed,2025-01-11T08:00:00+07:00,2025-01-11T08:00:00+07:00
PRD000048,CAT020,Product 048 Would,4930000.00,3049000.00,active,seed,2025-10-28T08:00:00+07:00,2025-10-28T08:00:00+07:00
PRD000049,CAT018,Product 049 Sport,1000000.00,758000.00,active,seed,2025-08-02T08:00:00+07:00,2025-08-02T08:00:00+07:00
PRD000050,CAT011,Product 050 Get,180000.00,145000.00,active,seed,2025-07-17T08:00:00+07:00,2025-07-17T08:00:00+07:00
PRD000051,CAT007,Product 051 Themselves,5500000.00,3915000.00,active,seed,2025-01-13T08:00:00+07:00,2025-01-13T08:00:00+07:00
PRD000052,CAT011,Product 052 Certainly,970000.00,535000.00,active,seed,2025-06-26T08:00:00+07:00,2025-06-26T08:00:00+07:00
PRD000053,CAT019,Product 053 Hear,5630000.00,3926000.00,active,seed,2025-07-02T08:00:00+07:00,2025-07-02T08:00:00+07:00
PRD000054,CAT011,Product 054 Standard,5460000.00,4401000.00,active,seed,2025-10-01T08:00:00+07:00,2025-10-01T08:00:00+07:00
PRD000055,CAT011,Product 055 Never,5270000.00,4001000.00,active,seed,2025-09-06T08:00:00+07:00,2025-09-06T08:00:00+07:00
PRD000056,CAT007,Product 056 Newspaper,5750000.00,4053000.00,active,seed,2025-06-10T08:00:00+07:00,2025-06-10T08:00:00+07:00
PRD000057,CAT009,Product 057 Laugh,1740000.00,1254000.00,inactive,seed,2025-04-19T08:00:00+07:00,2025-04-19T08:00:00+07:00
PRD000058,CAT019,Product 058 Summer,4390000.00,2766000.00,active,seed,2025-06-02T08:00:00+07:00,2025-06-02T08:00:00+07:00
PRD000059,CAT008,Product 059 Ready,6330000.00,4966000.00,active,seed,2025-08-18T08:00:00+07:00,2025-08-18T08:00:00+07:00
PRD000060,CAT008,Product 060 Perhaps,850000.00,628000.00,active,seed,2025-07-29T08:00:00+07:00,2025-07-29T08:00:00+07:00
PRD000061,CAT011,Product 061 Big,4720000.00,2990000.00,discontinued,seed,2025-07-02T08:00:00+07:00,2025-07-02T08:00:00+07:00
PRD000062,CAT007,Product 062 Make,6770000.00,4840000.00,active,seed,2025-07-11T08:00:00+07:00,2025-07-11T08:00:00+07:00
PRD000063,CAT015,Product 063 Mr,7100000.00,4281000.00,active,seed,2025-08-04T08:00:00+07:00,2025-08-04T08:00:00+07:00
PRD000064,CAT014,Product 064 Tell,3580000.00,2820000.00,active,seed,2025-09-09T08:00:00+07:00,2025-09-09T08:00:00+07:00
PRD000065,CAT013,Product 065 Thank,1680000.00,1143000.00,active,seed,2025-03-31T08:00:00+07:00,2025-03-31T08:00:00+07:00
PRD000066,CAT013,Product 066 Financial,3090000.00,2300000.00,active,seed,2025-03-15T08:00:00+07:00,2025-03-15T08:00:00+07:00
PRD000067,CAT019,Product 067 Race,4190000.00,2794000.00,active,seed,2025-10-09T08:00:00+07:00,2025-10-09T08:00:00+07:00
PRD000068,CAT009,Product 068 Color,7700000.00,5042000.00,active,seed,2025-05-03T08:00:00+07:00,2025-05-03T08:00:00+07:00
PRD000069,CAT012,Product 069 War,6950000.00,4877000.00,active,seed,2025-10-14T08:00:00+07:00,2025-10-14T08:00:00+07:00
PRD000070,CAT010,Product 070 Move,5770000.00,4114000.00,active,seed,2025-03-15T08:00:00+07:00,2025-03-15T08:00:00+07:00
PRD000071,CAT015,Product 071 Most,370000.00,302000.00,active,seed,2025-09-15T08:00:00+07:00,2025-09-15T08:00:00+07:00
PRD000072,CAT014,Product 072 Thank,7900000.00,4444000.00,discontinued,seed,2025-06-13T08:00:00+07:00,2025-06-13T08:00:00+07:00
PRD000073,CAT009,Product 073 With,7990000.00,6514000.00,active,seed,2025-01-03T08:00:00+07:00,2025-01-03T08:00:00+07:00
PRD000074,CAT010,Product 074 Clear,6290000.00,4796000.00,active,seed,2025-04-08T08:00:00+07:00,2025-04-08T08:00:00+07:00
PRD000075,CAT014,Product 075 Scene,5480000.00,4619000.00,active,seed,2025-01-17T08:00:00+07:00,2025-01-17T08:00:00+07:00
PRD000076,CAT008,Product 076 Because,3090000.00,2106000.00,active,seed,2025-09-29T08:00:00+07:00,2025-09-29T08:00:00+07:00
PRD000077,CAT010,Product 077 Economic,4990000.00,3649000.00,active,seed,2025-01-02T08:00:00+07:00,2025-01-02T08:00:00+07:00
PRD000078,CAT019,Product 078 Drop,6690000.00,3894000.00,active,seed,2025-03-28T08:00:00+07:00,2025-03-28T08:00:00+07:00
PRD000079,CAT010,Product 079 Lay,4590000.00,3265000.00,inactive,seed,2025-08-10T08:00:00+07:00,2025-08-10T08:00:00+07:00
PRD000080,CAT014,Product 080 Site,2170000.00,1425000.00,discontinued,seed,2025-06-11T08:00:00+07:00,2025-06-11T08:00:00+07:00
PRD000081,CAT010,Product 081 Least,4550000.00,3711000.00,active,seed,2025-03-01T08:00:00+07:00,2025-03-01T08:00:00+07:00
PRD000082,CAT008,Product 082 Bring,7660000.00,4742000.00,active,seed,2025-02-12T08:00:00+07:00,2025-02-12T08:00:00+07:00
PRD000083,CAT020,Product 083 Answer,530000.00,331000.00,active,seed,2025-03-05T08:00:00+07:00,2025-03-05T08:00:00+07:00
PRD000084,CAT011,Product 084 Job,7710000.00,4529000.00,active,seed,2025-01-16T08:00:00+07:00,2025-01-16T08:00:00+07:00
PRD000085,CAT009,Product 085 Best,3360000.00,2359000.00,inactive,seed,2025-10-05T08:00:00+07:00,2025-10-05T08:00:00+07:00
PRD000086,CAT013,Product 086 Memory,2260000.00,1702000.00,active,seed,2025-06-16T08:00:00+07:00,2025-06-16T08:00:00+07:00
PRD000087,CAT009,Product 087 Record,240000.00,159000.00,active,seed,2025-08-20T08:00:00+07:00,2025-08-20T08:00:00+07:00
PRD000088,CAT014,Product 088 Upon,5170000.00,4314000.00,active,seed,2025-06-24T08:00:00+07:00,2025-06-24T08:00:00+07:00
PRD000089,CAT012,Product 089 People,3880000.00,2477000.00,active,seed,2025-02-12T08:00:00+07:00,2025-02-12T08:00:00+07:00
PRD000090,CAT009,Product 090 That,5270000.00,4014000.00,active,seed,2025-10-19T08:00:00+07:00,2025-10-19T08:00:00+07:00
PRD000091,CAT008,Product 091 Final,5340000.00,4169000.00,active,seed,2025-03-06T08:00:00+07:00,2025-03-06T08:00:00+07:00
PRD000092,CAT010,Product 092 Senior,7430000.00,5731000.00,active,seed,2025-03-14T08:00:00+07:00,2025-03-14T08:00:00+07:00
PRD000093,CAT015,Product 093 Stop,7070000.00,5444000.00,active,seed,2025-06-17T08:00:00+07:00,2025-06-17T08:00:00+07:00
PRD000094,CAT015,Product 094 Conference,5840000.00,3346000.00,active,seed,2025-04-20T08:00:00+07:00,2025-04-20T08:00:00+07:00
PRD000095,CAT019,Product 095 Name,830000.00,560000.00,active,seed,2025-03-19T08:00:00+07:00,2025-03-19T08:00:00+07:00
PRD000096,CAT008,Product 096 Everyone,690000.00,488000.00,active,seed,2025-09-23T08:00:00+07:00,2025-09-23T08:00:00+07:00
PRD000097,CAT011,Product 097 Week,4110000.00,3200000.00,active,seed,2025-04-24T08:00:00+07:00,2025-04-24T08:00:00+07:00
PRD000098,CAT017,Product 098 Stay,4550000.00,3115000.00,active,seed,2025-06-29T08:00:00+07:00,2025-06-29T08:00:00+07:00
PRD000099,CAT014,Product 099 Beat,3190000.00,1886000.00,active,seed,2025-06-18T08:00:00+07:00,2025-06-18T08:00:00+07:00
PRD000100,CAT020,Product 100 Down,2060000.00,1374000.00,active,seed,2025-02-07T08:00:00+07:00,2025-02-07T08:00:00+07:00
PRD000101,CAT009,Product 101 Magazine,2520000.00,2067000.00,active,seed,2025-07-17T08:00:00+07:00,2025-07-17T08:00:00+07:00
PRD000102,CAT012,Product 102 President,4870000.00,4038000.00,active,seed,2025-05-15T08:00:00+07:00,2025-05-15T08:00:00+07:00
PRD000103,CAT012,Product 103 Challenge,7210000.00,5321000.00,active,seed,2025-09-26T08:00:00+07:00,2025-09-26T08:00:00+07:00
PRD000104,CAT011,Product 104 Soon,2560000.00,2103000.00,active,seed,2025-10-16T08:00:00+07:00,2025-10-16T08:00:00+07:00
PRD000105,CAT020,Product 105 Best,2130000.00,1251000.00,active,seed,2025-05-15T08:00:00+07:00,2025-05-15T08:00:00+07:00
PRD000106,CAT014,Product 106 Police,7420000.00,5270000.00,active,seed,2025-05-28T08:00:00+07:00,2025-05-28T08:00:00+07:00
PRD000107,CAT009,Product 107 Get,3180000.00,2191000.00,active,seed,2025-08-25T08:00:00+07:00,2025-08-25T08:00:00+07:00
PRD000108,CAT009,Product 108 Book,6610000.00,5030000.00,active,seed,2025-10-14T08:00:00+07:00,2025-10-14T08:00:00+07:00
PRD000109,CAT008,Product 109 Here,2660000.00,2231000.00,active,seed,2025-09-04T08:00:00+07:00,2025-09-04T08:00:00+07:00
PRD000110,CAT006,Product 110 Guess,4870000.00,3650000.00,active,seed,2025-10-20T08:00:00+07:00,2025-10-20T08:00:00+07:00
PRD000111,CAT007,Product 111 Social,1580000.00,1194000.00,active,seed,2025-10-09T08:00:00+07:00,2025-10-09T08:00:00+07:00
PRD000112,CAT013,Product 112 Treatment,5800000.00,4880000.00,active,seed,2025-09-10T08:00:00+07:00,2025-09-10T08:00:00+07:00
PRD000113,CAT006,Product 113 Key,4290000.00,3101000.00,active,seed,2025-05-13T08:00:00+07:00,2025-05-13T08:00:00+07:00
PRD000114,CAT009,Product 114 Produce,6180000.00,5227000.00,active,seed,2025-07-16T08:00:00+07:00,2025-07-16T08:00:00+07:00
PRD000115,CAT012,Product 115 Daughter,3010000.00,2480000.00,inactive,seed,2025-02-17T08:00:00+07:00,2025-02-17T08:00:00+07:00
PRD000116,CAT006,Product 116 Care,6680000.00,4625000.00,active,seed,2025-04-05T08:00:00+07:00,2025-04-05T08:00:00+07:00
PRD000117,CAT010,Product 117 Student,6570000.00,4643000.00,active,seed,2025-03-10T08:00:00+07:00,2025-03-10T08:00:00+07:00
PRD000118,CAT012,Product 118 Color,740000.00,538000.00,active,seed,2025-07-03T08:00:00+07:00,2025-07-03T08:00:00+07:00
PRD000119,CAT017,Product 119 Room,380000.00,228000.00,active,seed,2025-06-04T08:00:00+07:00,2025-06-04T08:00:00+07:00
PRD000120,CAT011,Product 120 Future,730000.00,444000.00,active,seed,2025-08-30T08:00:00+07:00,2025-08-30T08:00:00+07:00
PRD000121,CAT007,Product 121 Look,2620000.00,1911000.00,active,seed,2025-08-18T08:00:00+07:00,2025-08-18T08:00:00+07:00
PRD000122,CAT018,Product 122 Discover,4580000.00,3286000.00,inactive,seed,2025-01-16T08:00:00+07:00,2025-01-16T08:00:00+07:00
PRD000123,CAT010,Product 123 Area,2970000.00,2004000.00,active,seed,2025-10-07T08:00:00+07:00,2025-10-07T08:00:00+07:00
PRD000124,CAT014,Product 124 Artist,680000.00,507000.00,active,seed,2025-07-06T08:00:00+07:00,2025-07-06T08:00:00+07:00
PRD000125,CAT019,Product 125 Community,5940000.00,4752000.00,active,seed,2025-09-10T08:00:00+07:00,2025-09-10T08:00:00+07:00
PRD000126,CAT014,Product 126 One,7050000.00,4002000.00,active,seed,2025-08-11T08:00:00+07:00,2025-08-11T08:00:00+07:00
PRD000127,CAT017,Product 127 Contain,4010000.00,2620000.00,active,seed,2025-02-22T08:00:00+07:00,2025-02-22T08:00:00+07:00
PRD000128,CAT019,Product 128 Turn,3770000.00,2830000.00,active,seed,2025-02-02T08:00:00+07:00,2025-02-02T08:00:00+07:00
PRD000129,CAT015,Product 129 Environmental,6780000.00,5355000.00,active,seed,2025-05-17T08:00:00+07:00,2025-05-17T08:00:00+07:00
PRD000130,CAT019,Product 130 Ok,720000.00,499000.00,active,seed,2025-09-05T08:00:00+07:00,2025-09-05T08:00:00+07:00
PRD000131,CAT014,Product 131 Majority,5310000.00,3268000.00,active,seed,2025-10-06T08:00:00+07:00,2025-10-06T08:00:00+07:00
PRD000132,CAT014,Product 132 Bring,960000.00,573000.00,active,seed,2025-10-12T08:00:00+07:00,2025-10-12T08:00:00+07:00
PRD000133,CAT012,Product 133 Difficult,1430000.00,920000.00,active,seed,2025-07-06T08:00:00+07:00,2025-07-06T08:00:00+07:00
PRD000134,CAT020,Product 134 Soldier,4440000.00,3475000.00,active,seed,2025-05-19T08:00:00+07:00,2025-05-19T08:00:00+07:00
PRD000135,CAT013,Product 135 Tonight,5450000.00,3930000.00,inactive,seed,2025-05-09T08:00:00+07:00,2025-05-09T08:00:00+07:00
PRD000136,CAT010,Product 136 Natural,4120000.00,2938000.00,active,seed,2025-03-21T08:00:00+07:00,2025-03-21T08:00:00+07:00
PRD000137,CAT012,Product 137 Rest,2880000.00,1917000.00,active,seed,2025-07-26T08:00:00+07:00,2025-07-26T08:00:00+07:00
PRD000138,CAT017,Product 138 Subject,6040000.00,3682000.00,active,seed,2025-06-22T08:00:00+07:00,2025-06-22T08:00:00+07:00
PRD000139,CAT009,Product 139 Wrong,4900000.00,3925000.00,active,seed,2025-03-28T08:00:00+07:00,2025-03-28T08:00:00+07:00
PRD000140,CAT009,Product 140 Glass,1300000.00,1005000.00,active,seed,2025-03-20T08:00:00+07:00,2025-03-20T08:00:00+07:00
PRD000141,CAT007,Product 141 Really,650000.00,544000.00,active,seed,2025-02-05T08:00:00+07:00,2025-02-05T08:00:00+07:00
PRD000142,CAT016,Product 142 Oil,3810000.00,3191000.00,active,seed,2025-07-03T08:00:00+07:00,2025-07-03T08:00:00+07:00
PRD000143,CAT008,Product 143 Since,5060000.00,3663000.00,active,seed,2025-10-05T08:00:00+07:00,2025-10-05T08:00:00+07:00
PRD000144,CAT016,Product 144 Consider,4200000.00,3476000.00,active,seed,2025-09-14T08:00:00+07:00,2025-09-14T08:00:00+07:00
PRD000145,CAT009,Product 145 Thank,800000.00,569000.00,active,seed,2025-05-03T08:00:00+07:00,2025-05-03T08:00:00+07:00
PRD000146,CAT009,Product 146 Down,2770000.00,1846000.00,active,seed,2025-03-03T08:00:00+07:00,2025-03-03T08:00:00+07:00
PRD000147,CAT007,Product 147 Old,6710000.00,5628000.00,discontinued,seed,2025-01-23T08:00:00+07:00,2025-01-23T08:00:00+07:00
PRD000148,CAT009,Product 148 Technology,7570000.00,5081000.00,active,seed,2025-03-05T08:00:00+07:00,2025-03-05T08:00:00+07:00
PRD000149,CAT015,Product 149 Statement,2550000.00,1770000.00,active,seed,2025-06-12T08:00:00+07:00,2025-06-12T08:00:00+07:00
PRD000150,CAT006,Product 150 Sound,5990000.00,4695000.00,active,seed,2025-06-27T08:00:00+07:00,2025-06-27T08:00:00+07:00
PRD000151,CAT017,Product 151 Even,7050000.00,3935000.00,active,seed,2025-06-07T08:00:00+07:00,2025-06-07T08:00:00+07:00
PRD000152,CAT014,Product 152 Could,4400000.00,3647000.00,active,seed,2025-01-17T08:00:00+07:00,2025-01-17T08:00:00+07:00
PRD000153,CAT017,Product 153 College,4520000.00,3219000.00,active,seed,2025-06-08T08:00:00+07:00,2025-06-08T08:00:00+07:00
PRD000154,CAT007,Product 154 Management,4470000.00,3159000.00,active,seed,2025-03-10T08:00:00+07:00,2025-03-10T08:00:00+07:00
PRD000155,CAT006,Product 155 For,1030000.00,595000.00,active,seed,2025-08-19T08:00:00+07:00,2025-08-19T08:00:00+07:00
PRD000156,CAT007,Product 156 Another,3130000.00,2008000.00,active,seed,2025-02-08T08:00:00+07:00,2025-02-08T08:00:00+07:00
PRD000157,CAT015,Product 157 Hear,6320000.00,4949000.00,inactive,seed,2025-06-01T08:00:00+07:00,2025-06-01T08:00:00+07:00
PRD000158,CAT013,Product 158 Year,1750000.00,1363000.00,active,seed,2025-10-27T08:00:00+07:00,2025-10-27T08:00:00+07:00
PRD000159,CAT015,Product 159 Whom,1430000.00,924000.00,active,seed,2025-09-14T08:00:00+07:00,2025-09-14T08:00:00+07:00
PRD000160,CAT020,Product 160 Compare,7720000.00,5859000.00,active,seed,2025-09-29T08:00:00+07:00,2025-09-29T08:00:00+07:00
PRD000161,CAT019,Product 161 Bed,1820000.00,1142000.00,active,seed,2025-07-31T08:00:00+07:00,2025-07-31T08:00:00+07:00
PRD000162,CAT017,Product 162 Figure,4620000.00,3577000.00,active,seed,2025-10-17T08:00:00+07:00,2025-10-17T08:00:00+07:00
PRD000163,CAT016,Product 163 Indeed,840000.00,673000.00,active,seed,2025-10-24T08:00:00+07:00,2025-10-24T08:00:00+07:00
PRD000164,CAT014,Product 164 Anything,6350000.00,5212000.00,active,seed,2025-07-31T08:00:00+07:00,2025-07-31T08:00:00+07:00
PRD000165,CAT015,Product 165 Sell,4960000.00,2861000.00,active,seed,2025-10-16T08:00:00+07:00,2025-10-16T08:00:00+07:00
PRD000166,CAT013,Product 166 Size,3150000.00,2603000.00,active,seed,2025-07-26T08:00:00+07:00,2025-07-26T08:00:00+07:00
PRD000167,CAT008,Product 167 How,6250000.00,3642000.00,discontinued,seed,2025-01-13T08:00:00+07:00,2025-01-13T08:00:00+07:00
PRD000168,CAT018,Product 168 Budget,730000.00,434000.00,active,seed,2025-07-11T08:00:00+07:00,2025-07-11T08:00:00+07:00
PRD000169,CAT016,Product 169 Cold,1180000.00,878000.00,active,seed,2025-04-08T08:00:00+07:00,2025-04-08T08:00:00+07:00
PRD000170,CAT017,Product 170 Main,3260000.00,2028000.00,active,seed,2025-02-08T08:00:00+07:00,2025-02-08T08:00:00+07:00
PRD000171,CAT009,Product 171 Look,3220000.00,2118000.00,active,seed,2025-02-27T08:00:00+07:00,2025-02-27T08:00:00+07:00
PRD000172,CAT014,Product 172 Physical,4160000.00,3061000.00,active,seed,2025-03-16T08:00:00+07:00,2025-03-16T08:00:00+07:00
PRD000173,CAT012,Product 173 Trade,7850000.00,5720000.00,active,seed,2025-03-06T08:00:00+07:00,2025-03-06T08:00:00+07:00
PRD000174,CAT014,Product 174 Enter,190000.00,124000.00,active,seed,2025-04-14T08:00:00+07:00,2025-04-14T08:00:00+07:00
PRD000175,CAT011,Product 175 Stay,360000.00,262000.00,active,seed,2025-01-13T08:00:00+07:00,2025-01-13T08:00:00+07:00
PRD000176,CAT009,Product 176 Finish,4870000.00,3383000.00,active,seed,2025-04-08T08:00:00+07:00,2025-04-08T08:00:00+07:00
PRD000177,CAT015,Product 177 Discussion,6020000.00,3941000.00,active,seed,2025-06-14T08:00:00+07:00,2025-06-14T08:00:00+07:00
PRD000178,CAT012,Product 178 No,290000.00,205000.00,active,seed,2025-09-17T08:00:00+07:00,2025-09-17T08:00:00+07:00
PRD000179,CAT009,Product 179 Machine,4410000.00,3737000.00,active,seed,2025-07-21T08:00:00+07:00,2025-07-21T08:00:00+07:00
PRD000180,CAT006,Product 180 Mean,6300000.00,3812000.00,active,seed,2025-04-11T08:00:00+07:00,2025-04-11T08:00:00+07:00
PRD000181,CAT018,Product 181 Family,690000.00,401000.00,active,seed,2025-07-17T08:00:00+07:00,2025-07-17T08:00:00+07:00
PRD000182,CAT012,Product 182 Hear,3580000.00,2306000.00,active,seed,2025-04-01T08:00:00+07:00,2025-04-01T08:00:00+07:00
PRD000183,CAT006,Product 183 Need,4980000.00,2815000.00,active,seed,2025-02-22T08:00:00+07:00,2025-02-22T08:00:00+07:00
PRD000184,CAT013,Product 184 Enter,3370000.00,2122000.00,active,seed,2025-01-07T08:00:00+07:00,2025-01-07T08:00:00+07:00
PRD000185,CAT013,Product 185 Left,720000.00,441000.00,active,seed,2025-02-13T08:00:00+07:00,2025-02-13T08:00:00+07:00
PRD000186,CAT007,Product 186 Nature,2690000.00,1773000.00,discontinued,seed,2025-01-11T08:00:00+07:00,2025-01-11T08:00:00+07:00
PRD000187,CAT006,Product 187 Color,510000.00,364000.00,active,seed,2025-09-05T08:00:00+07:00,2025-09-05T08:00:00+07:00
PRD000188,CAT018,Product 188 Generation,6640000.00,5531000.00,active,seed,2025-03-28T08:00:00+07:00,2025-03-28T08:00:00+07:00
PRD000189,CAT013,Product 189 Positive,610000.00,425000.00,active,seed,2025-09-18T08:00:00+07:00,2025-09-18T08:00:00+07:00
PRD000190,CAT009,Product 190 Involve,6200000.00,4391000.00,active,seed,2025-04-12T08:00:00+07:00,2025-04-12T08:00:00+07:00
PRD000191,CAT014,Product 191 Debate,5970000.00,3721000.00,active,seed,2025-03-25T08:00:00+07:00,2025-03-25T08:00:00+07:00
PRD000192,CAT017,Product 192 Away,470000.00,393000.00,active,seed,2025-07-19T08:00:00+07:00,2025-07-19T08:00:00+07:00
PRD000193,CAT016,Product 193 The,2610000.00,1534000.00,active,seed,2025-09-25T08:00:00+07:00,2025-09-25T08:00:00+07:00
PRD000194,CAT017,Product 194 Budget,6220000.00,3888000.00,active,seed,2025-07-08T08:00:00+07:00,2025-07-08T08:00:00+07:00
PRD000195,CAT016,Product 195 Child,3340000.00,2025000.00,active,seed,2025-06-08T08:00:00+07:00,2025-06-08T08:00:00+07:00
PRD000196,CAT015,Product 196 Just,6870000.00,4948000.00,inactive,seed,2025-02-26T08:00:00+07:00,2025-02-26T08:00:00+07:00
PRD000197,CAT009,Product 197 Site,5410000.00,4385000.00,active,seed,2025-07-09T08:00:00+07:00,2025-07-09T08:00:00+07:00
PRD000198,CAT008,Product 198 Report,1090000.00,860000.00,inactive,seed,2025-02-01T08:00:00+07:00,2025-02-01T08:00:00+07:00
PRD000199,CAT008,Product 199 Develop,610000.00,337000.00,active,seed,2025-03-25T08:00:00+07:00,2025-03-25T08:00:00+07:00
PRD000200,CAT006,Product 200 Majority,3950000.00,3192000.00,active,seed,2025-06-21T08:00:00+07:00,2025-06-21T08:00:00+07:00
PRD000201,CAT018,Product 201 Street,5810000.00,4637000.00,active,seed,2025-07-06T08:00:00+07:00,2025-07-06T08:00:00+07:00
PRD000202,CAT016,Product 202 Research,5600000.00,3438000.00,active,seed,2025-10-14T08:00:00+07:00,2025-10-14T08:00:00+07:00
PRD000203,CAT006,Product 203 Environment,7720000.00,4949000.00,active,seed,2025-06-28T08:00:00+07:00,2025-06-28T08:00:00+07:00
PRD000204,CAT006,Product 204 Realize,7340000.00,6165000.00,active,seed,2025-03-07T08:00:00+07:00,2025-03-07T08:00:00+07:00
PRD000205,CAT009,Product 205 Woman,2780000.00,2281000.00,active,seed,2025-06-02T08:00:00+07:00,2025-06-02T08:00:00+07:00
PRD000206,CAT006,Product 206 Herself,3140000.00,1930000.00,active,seed,2025-05-08T08:00:00+07:00,2025-05-08T08:00:00+07:00
PRD000207,CAT006,Product 207 Seek,5070000.00,2897000.00,active,seed,2025-04-18T08:00:00+07:00,2025-04-18T08:00:00+07:00
PRD000208,CAT017,Product 208 Across,420000.00,323000.00,active,seed,2025-09-30T08:00:00+07:00,2025-09-30T08:00:00+07:00
PRD000209,CAT018,Product 209 This,1220000.00,923000.00,active,seed,2025-06-13T08:00:00+07:00,2025-06-13T08:00:00+07:00
PRD000210,CAT009,Product 210 Hospital,3600000.00,2882000.00,active,seed,2025-04-06T08:00:00+07:00,2025-04-06T08:00:00+07:00
PRD000211,CAT007,Product 211 Pattern,3370000.00,2407000.00,active,seed,2025-02-17T08:00:00+07:00,2025-02-17T08:00:00+07:00
PRD000212,CAT018,Product 212 Cost,4690000.00,3538000.00,inactive,seed,2025-04-27T08:00:00+07:00,2025-04-27T08:00:00+07:00
PRD000213,CAT016,Product 213 Reason,3610000.00,2497000.00,active,seed,2025-07-14T08:00:00+07:00,2025-07-14T08:00:00+07:00
PRD000214,CAT019,Product 214 Him,6470000.00,3945000.00,active,seed,2025-06-19T08:00:00+07:00,2025-06-19T08:00:00+07:00
PRD000215,CAT013,Product 215 Be,980000.00,746000.00,active,seed,2025-09-18T08:00:00+07:00,2025-09-18T08:00:00+07:00
PRD000216,CAT017,Product 216 Full,7180000.00,6046000.00,active,seed,2025-01-11T08:00:00+07:00,2025-01-11T08:00:00+07:00
PRD000217,CAT020,Product 217 Speech,4790000.00,2960000.00,discontinued,seed,2025-08-21T08:00:00+07:00,2025-08-21T08:00:00+07:00
PRD000218,CAT013,Product 218 Remember,7500000.00,4190000.00,active,seed,2025-04-25T08:00:00+07:00,2025-04-25T08:00:00+07:00
PRD000219,CAT008,Product 219 Goal,810000.00,593000.00,inactive,seed,2025-01-10T08:00:00+07:00,2025-01-10T08:00:00+07:00
PRD000220,CAT011,Product 220 Class,1540000.00,1011000.00,inactive,seed,2025-06-13T08:00:00+07:00,2025-06-13T08:00:00+07:00
PRD000221,CAT020,Product 221 Economic,4680000.00,3804000.00,active,seed,2025-02-26T08:00:00+07:00,2025-02-26T08:00:00+07:00
PRD000222,CAT012,Product 222 Us,6400000.00,5408000.00,active,seed,2025-02-24T08:00:00+07:00,2025-02-24T08:00:00+07:00
PRD000223,CAT011,Product 223 Myself,4680000.00,3453000.00,active,seed,2025-02-10T08:00:00+07:00,2025-02-10T08:00:00+07:00
PRD000224,CAT008,Product 224 Fund,1790000.00,1202000.00,active,seed,2025-10-08T08:00:00+07:00,2025-10-08T08:00:00+07:00
PRD000225,CAT017,Product 225 North,5090000.00,3474000.00,active,seed,2025-05-18T08:00:00+07:00,2025-05-18T08:00:00+07:00
PRD000226,CAT017,Product 226 Life,5130000.00,3018000.00,active,seed,2025-03-16T08:00:00+07:00,2025-03-16T08:00:00+07:00
PRD000227,CAT009,Product 227 Project,7680000.00,6163000.00,active,seed,2025-10-11T08:00:00+07:00,2025-10-11T08:00:00+07:00
PRD000228,CAT013,Product 228 At,3910000.00,2443000.00,inactive,seed,2025-09-17T08:00:00+07:00,2025-09-17T08:00:00+07:00
PRD000229,CAT009,Product 229 Arrive,3090000.00,2159000.00,active,seed,2025-09-05T08:00:00+07:00,2025-09-05T08:00:00+07:00
PRD000230,CAT011,Product 230 Friend,1360000.00,787000.00,active,seed,2025-07-16T08:00:00+07:00,2025-07-16T08:00:00+07:00
PRD000231,CAT015,Product 231 We,5700000.00,4781000.00,active,seed,2025-07-31T08:00:00+07:00,2025-07-31T08:00:00+07:00
PRD000232,CAT009,Product 232 Since,5960000.00,3293000.00,active,seed,2025-05-08T08:00:00+07:00,2025-05-08T08:00:00+07:00
PRD000233,CAT018,Product 233 Ok,750000.00,449000.00,active,seed,2025-05-11T08:00:00+07:00,2025-05-11T08:00:00+07:00
PRD000234,CAT018,Product 234 Firm,90000.00,52000.00,active,seed,2025-04-27T08:00:00+07:00,2025-04-27T08:00:00+07:00
PRD000235,CAT007,Product 235 Mission,1910000.00,1429000.00,active,seed,2025-06-05T08:00:00+07:00,2025-06-05T08:00:00+07:00
PRD000236,CAT015,Product 236 Learn,3580000.00,2014000.00,active,seed,2025-09-11T08:00:00+07:00,2025-09-11T08:00:00+07:00
PRD000237,CAT018,Product 237 Between,3470000.00,2878000.00,inactive,seed,2025-01-14T08:00:00+07:00,2025-01-14T08:00:00+07:00
PRD000238,CAT015,Product 238 Character,7630000.00,6422000.00,active,seed,2025-07-24T08:00:00+07:00,2025-07-24T08:00:00+07:00
PRD000239,CAT014,Product 239 Federal,3680000.00,2503000.00,active,seed,2025-05-06T08:00:00+07:00,2025-05-06T08:00:00+07:00
PRD000240,CAT006,Product 240 Detail,6060000.00,4567000.00,active,seed,2025-04-28T08:00:00+07:00,2025-04-28T08:00:00+07:00
PRD000241,CAT020,Product 241 Hear,7850000.00,5977000.00,active,seed,2025-09-10T08:00:00+07:00,2025-09-10T08:00:00+07:00
PRD000242,CAT019,Product 242 Ready,310000.00,244000.00,active,seed,2025-01-15T08:00:00+07:00,2025-01-15T08:00:00+07:00
PRD000243,CAT009,Product 243 Bag,2910000.00,2224000.00,active,seed,2025-09-12T08:00:00+07:00,2025-09-12T08:00:00+07:00
PRD000244,CAT016,Product 244 Rich,3950000.00,2590000.00,inactive,seed,2025-06-24T08:00:00+07:00,2025-06-24T08:00:00+07:00
PRD000245,CAT010,Product 245 Over,650000.00,413000.00,active,seed,2025-02-01T08:00:00+07:00,2025-02-01T08:00:00+07:00
PRD000246,CAT013,Product 246 Surface,7800000.00,5779000.00,inactive,seed,2025-06-04T08:00:00+07:00,2025-06-04T08:00:00+07:00
PRD000247,CAT018,Product 247 Stay,5400000.00,4408000.00,active,seed,2025-04-06T08:00:00+07:00,2025-04-06T08:00:00+07:00
PRD000248,CAT019,Product 248 Such,3240000.00,1868000.00,active,seed,2025-09-13T08:00:00+07:00,2025-09-13T08:00:00+07:00
PRD000249,CAT014,Product 249 Cause,7470000.00,4384000.00,active,seed,2025-06-10T08:00:00+07:00,2025-06-10T08:00:00+07:00
PRD000250,CAT017,Product 250 Give,6250000.00,5282000.00,active,seed,2025-01-31T08:00:00+07:00,2025-01-31T08:00:00+07:00
PRD000251,CAT012,Product 251 True,770000.00,493000.00,active,seed,2025-01-13T08:00:00+07:00,2025-01-13T08:00:00+07:00
PRD000252,CAT016,Product 252 Different,7050000.00,5598000.00,active,seed,2025-07-25T08:00:00+07:00,2025-07-25T08:00:00+07:00
PRD000253,CAT020,Product 253 Parent,2950000.00,2470000.00,active,seed,2025-01-28T08:00:00+07:00,2025-01-28T08:00:00+07:00
PRD000254,CAT016,Product 254 Our,2110000.00,1564000.00,active,seed,2025-07-31T08:00:00+07:00,2025-07-31T08:00:00+07:00
PRD000255,CAT013,Product 255 Action,5060000.00,3397000.00,inactive,seed,2025-09-29T08:00:00+07:00,2025-09-29T08:00:00+07:00
PRD000256,CAT010,Product 256 Experience,7380000.00,5820000.00,active,seed,2025-10-28T08:00:00+07:00,2025-10-28T08:00:00+07:00
PRD000257,CAT017,Product 257 Idea,1310000.00,1076000.00,active,seed,2025-09-02T08:00:00+07:00,2025-09-02T08:00:00+07:00
PRD000258,CAT008,Product 258 Expert,5510000.00,3702000.00,active,seed,2025-01-07T08:00:00+07:00,2025-01-07T08:00:00+07:00
PRD000259,CAT013,Product 259 Station,3060000.00,2507000.00,active,seed,2025-08-25T08:00:00+07:00,2025-08-25T08:00:00+07:00
PRD000260,CAT015,Product 260 Chance,4070000.00,2949000.00,active,seed,2025-06-22T08:00:00+07:00,2025-06-22T08:00:00+07:00
PRD000261,CAT017,Product 261 Nothing,6910000.00,4823000.00,active,seed,2025-05-25T08:00:00+07:00,2025-05-25T08:00:00+07:00
PRD000262,CAT016,Product 262 Candidate,2700000.00,2278000.00,active,seed,2025-02-04T08:00:00+07:00,2025-02-04T08:00:00+07:00
PRD000263,CAT012,Product 263 Phone,6160000.00,5032000.00,active,seed,2025-09-21T08:00:00+07:00,2025-09-21T08:00:00+07:00
PRD000264,CAT006,Product 264 Area,5710000.00,3809000.00,active,seed,2025-04-23T08:00:00+07:00,2025-04-23T08:00:00+07:00
PRD000265,CAT008,Product 265 Car,1720000.00,1400000.00,active,seed,2025-04-29T08:00:00+07:00,2025-04-29T08:00:00+07:00
PRD000266,CAT015,Product 266 Indicate,3990000.00,3191000.00,active,seed,2025-05-18T08:00:00+07:00,2025-05-18T08:00:00+07:00
PRD000267,CAT011,Product 267 Glass,5530000.00,4552000.00,active,seed,2025-01-21T08:00:00+07:00,2025-01-21T08:00:00+07:00
PRD000268,CAT008,Product 268 Stuff,7970000.00,4616000.00,active,seed,2025-08-17T08:00:00+07:00,2025-08-17T08:00:00+07:00
PRD000269,CAT007,Product 269 Put,920000.00,756000.00,active,seed,2025-09-28T08:00:00+07:00,2025-09-28T08:00:00+07:00
PRD000270,CAT014,Product 270 Rate,3940000.00,3104000.00,active,seed,2025-01-07T08:00:00+07:00,2025-01-07T08:00:00+07:00
PRD000271,CAT008,Product 271 End,5330000.00,3415000.00,active,seed,2025-07-27T08:00:00+07:00,2025-07-27T08:00:00+07:00
PRD000272,CAT012,Product 272 Soldier,1790000.00,1242000.00,active,seed,2025-09-04T08:00:00+07:00,2025-09-04T08:00:00+07:00
PRD000273,CAT007,Product 273 Full,1830000.00,1263000.00,active,seed,2025-02-09T08:00:00+07:00,2025-02-09T08:00:00+07:00
PRD000274,CAT006,Product 274 Cell,3120000.00,2109000.00,active,seed,2025-06-10T08:00:00+07:00,2025-06-10T08:00:00+07:00
PRD000275,CAT012,Product 275 Behavior,1930000.00,1089000.00,active,seed,2025-03-28T08:00:00+07:00,2025-03-28T08:00:00+07:00
PRD000276,CAT006,Product 276 Purpose,2940000.00,2470000.00,active,seed,2025-02-07T08:00:00+07:00,2025-02-07T08:00:00+07:00
PRD000277,CAT014,Product 277 Tax,350000.00,294000.00,active,seed,2025-03-06T08:00:00+07:00,2025-03-06T08:00:00+07:00
PRD000278,CAT013,Product 278 Report,7810000.00,6476000.00,active,seed,2025-03-30T08:00:00+07:00,2025-03-30T08:00:00+07:00
PRD000279,CAT018,Product 279 New,6980000.00,4545000.00,active,seed,2025-04-04T08:00:00+07:00,2025-04-04T08:00:00+07:00
PRD000280,CAT015,Product 280 Letter,3870000.00,3146000.00,active,seed,2025-04-18T08:00:00+07:00,2025-04-18T08:00:00+07:00
PRD000281,CAT011,Product 281 Range,7210000.00,4913000.00,active,seed,2025-05-27T08:00:00+07:00,2025-05-27T08:00:00+07:00
PRD000282,CAT009,Product 282 Event,4690000.00,3144000.00,active,seed,2025-01-09T08:00:00+07:00,2025-01-09T08:00:00+07:00
PRD000283,CAT016,Product 283 Quality,7040000.00,4222000.00,active,seed,2025-01-03T08:00:00+07:00,2025-01-03T08:00:00+07:00
PRD000284,CAT020,Product 284 Early,4850000.00,3000000.00,active,seed,2025-01-04T08:00:00+07:00,2025-01-04T08:00:00+07:00
PRD000285,CAT016,Product 285 Offer,5860000.00,4530000.00,active,seed,2025-09-13T08:00:00+07:00,2025-09-13T08:00:00+07:00
PRD000286,CAT006,Product 286 Television,5700000.00,3156000.00,active,seed,2025-06-09T08:00:00+07:00,2025-06-09T08:00:00+07:00
PRD000287,CAT011,Product 287 Allow,7260000.00,5551000.00,inactive,seed,2025-03-18T08:00:00+07:00,2025-03-18T08:00:00+07:00
PRD000288,CAT012,Product 288 War,7410000.00,4850000.00,active,seed,2025-01-26T08:00:00+07:00,2025-01-26T08:00:00+07:00
PRD000289,CAT009,Product 289 Bag,3910000.00,2578000.00,active,seed,2025-08-15T08:00:00+07:00,2025-08-15T08:00:00+07:00
PRD000290,CAT012,Product 290 While,1660000.00,1174000.00,active,seed,2025-09-01T08:00:00+07:00,2025-09-01T08:00:00+07:00
PRD000291,CAT007,Product 291 If,1270000.00,888000.00,active,seed,2025-02-01T08:00:00+07:00,2025-02-01T08:00:00+07:00
PRD000292,CAT018,Product 292 Sometimes,1750000.00,1114000.00,active,seed,2025-01-13T08:00:00+07:00,2025-01-13T08:00:00+07:00
PRD000293,CAT018,Product 293 Dinner,6490000.00,4790000.00,active,seed,2025-06-14T08:00:00+07:00,2025-06-14T08:00:00+07:00
PRD000294,CAT016,Product 294 Impact,5180000.00,3708000.00,active,seed,2025-10-24T08:00:00+07:00,2025-10-24T08:00:00+07:00
PRD000295,CAT013,Product 295 Animal,7780000.00,4403000.00,active,seed,2025-06-04T08:00:00+07:00,2025-06-04T08:00:00+07:00
PRD000296,CAT011,Product 296 Walk,270000.00,155000.00,active,seed,2025-03-10T08:00:00+07:00,2025-03-10T08:00:00+07:00
PRD000297,CAT012,Product 297 Cell,7950000.00,6644000.00,active,seed,2025-02-25T08:00:00+07:00,2025-02-25T08:00:00+07:00
PRD000298,CAT006,Product 298 Mouth,3390000.00,1928000.00,active,seed,2025-02-03T08:00:00+07:00,2025-02-03T08:00:00+07:00
PRD000299,CAT009,Product 299 Point,5460000.00,3205000.00,active,seed,2025-03-31T08:00:00+07:00,2025-03-31T08:00:00+07:00
PRD000300,CAT017,Product 300 Term,7920000.00,5797000.00,active,seed,2025-05-31T08:00:00+07:00,2025-05-31T08:00:00+07:00
PRD000301,CAT012,Product 301 Tough,1480000.00,995000.00,active,seed,2025-05-14T08:00:00+07:00,2025-05-14T08:00:00+07:00
PRD000302,CAT007,Product 302 Create,2770000.00,2195000.00,active,seed,2025-08-28T08:00:00+07:00,2025-08-28T08:00:00+07:00
PRD000303,CAT012,Product 303 Same,1520000.00,1182000.00,active,seed,2025-06-02T08:00:00+07:00,2025-06-02T08:00:00+07:00
PRD000304,CAT013,Product 304 Kind,7170000.00,4308000.00,active,seed,2025-06-07T08:00:00+07:00,2025-06-07T08:00:00+07:00
PRD000305,CAT012,Product 305 Tree,2160000.00,1502000.00,active,seed,2025-06-01T08:00:00+07:00,2025-06-01T08:00:00+07:00
PRD000306,CAT006,Product 306 Point,1920000.00,1073000.00,active,seed,2025-02-10T08:00:00+07:00,2025-02-10T08:00:00+07:00
PRD000307,CAT015,Product 307 Maintain,7330000.00,5728000.00,active,seed,2025-10-21T08:00:00+07:00,2025-10-21T08:00:00+07:00
PRD000308,CAT014,Product 308 Player,1660000.00,979000.00,active,seed,2025-10-15T08:00:00+07:00,2025-10-15T08:00:00+07:00
PRD000309,CAT011,Product 309 Ability,7320000.00,4326000.00,active,seed,2025-02-18T08:00:00+07:00,2025-02-18T08:00:00+07:00
PRD000310,CAT012,Product 310 Against,920000.00,539000.00,active,seed,2025-01-07T08:00:00+07:00,2025-01-07T08:00:00+07:00
PRD000311,CAT018,Product 311 Season,2050000.00,1660000.00,active,seed,2025-04-25T08:00:00+07:00,2025-04-25T08:00:00+07:00
PRD000312,CAT009,Product 312 Five,4520000.00,3221000.00,active,seed,2025-05-21T08:00:00+07:00,2025-05-21T08:00:00+07:00
PRD000313,CAT009,Product 313 Might,1120000.00,849000.00,active,seed,2025-04-09T08:00:00+07:00,2025-04-09T08:00:00+07:00
PRD000314,CAT006,Product 314 Away,7690000.00,5959000.00,active,seed,2025-05-18T08:00:00+07:00,2025-05-18T08:00:00+07:00
PRD000315,CAT018,Product 315 Machine,4380000.00,3701000.00,active,seed,2025-03-10T08:00:00+07:00,2025-03-10T08:00:00+07:00
PRD000316,CAT014,Product 316 Still,4940000.00,3602000.00,active,seed,2025-03-12T08:00:00+07:00,2025-03-12T08:00:00+07:00
PRD000317,CAT017,Product 317 Mission,5950000.00,4114000.00,active,seed,2025-04-16T08:00:00+07:00,2025-04-16T08:00:00+07:00
PRD000318,CAT018,Product 318 Million,4170000.00,2642000.00,active,seed,2025-05-14T08:00:00+07:00,2025-05-14T08:00:00+07:00
PRD000319,CAT015,Product 319 Local,6820000.00,4255000.00,active,seed,2025-07-02T08:00:00+07:00,2025-07-02T08:00:00+07:00
PRD000320,CAT017,Product 320 We,2070000.00,1189000.00,active,seed,2025-10-08T08:00:00+07:00,2025-10-08T08:00:00+07:00
PRD000321,CAT009,Product 321 Central,3750000.00,2189000.00,active,seed,2025-08-23T08:00:00+07:00,2025-08-23T08:00:00+07:00
PRD000322,CAT016,Product 322 Read,6900000.00,5796000.00,active,seed,2025-02-20T08:00:00+07:00,2025-02-20T08:00:00+07:00
PRD000323,CAT012,Product 323 According,5630000.00,3287000.00,active,seed,2025-05-29T08:00:00+07:00,2025-05-29T08:00:00+07:00
PRD000324,CAT006,Product 324 Price,250000.00,204000.00,active,seed,2025-04-12T08:00:00+07:00,2025-04-12T08:00:00+07:00
PRD000325,CAT011,Product 325 Find,1510000.00,1072000.00,active,seed,2025-03-29T08:00:00+07:00,2025-03-29T08:00:00+07:00
PRD000326,CAT007,Product 326 It,5750000.00,3268000.00,active,seed,2025-04-10T08:00:00+07:00,2025-04-10T08:00:00+07:00
PRD000327,CAT012,Product 327 Race,5500000.00,4124000.00,active,seed,2025-02-23T08:00:00+07:00,2025-02-23T08:00:00+07:00
PRD000328,CAT020,Product 328 Heart,3680000.00,2303000.00,active,seed,2025-08-07T08:00:00+07:00,2025-08-07T08:00:00+07:00
PRD000329,CAT007,Product 329 Ahead,1770000.00,984000.00,active,seed,2025-06-30T08:00:00+07:00,2025-06-30T08:00:00+07:00
PRD000330,CAT016,Product 330 Artist,6780000.00,4444000.00,active,seed,2025-03-27T08:00:00+07:00,2025-03-27T08:00:00+07:00
PRD000331,CAT011,Product 331 Officer,330000.00,243000.00,active,seed,2025-02-19T08:00:00+07:00,2025-02-19T08:00:00+07:00
PRD000332,CAT006,Product 332 Senior,1430000.00,987000.00,active,seed,2025-08-08T08:00:00+07:00,2025-08-08T08:00:00+07:00
PRD000333,CAT014,Product 333 Hand,4870000.00,3779000.00,active,seed,2025-06-28T08:00:00+07:00,2025-06-28T08:00:00+07:00
PRD000334,CAT007,Product 334 Skill,5440000.00,3755000.00,active,seed,2025-10-26T08:00:00+07:00,2025-10-26T08:00:00+07:00
PRD000335,CAT016,Product 335 Spring,2390000.00,1549000.00,active,seed,2025-10-10T08:00:00+07:00,2025-10-10T08:00:00+07:00
PRD000336,CAT011,Product 336 Ground,4810000.00,4068000.00,active,seed,2025-06-15T08:00:00+07:00,2025-06-15T08:00:00+07:00
PRD000337,CAT017,Product 337 Large,6770000.00,4072000.00,active,seed,2025-04-04T08:00:00+07:00,2025-04-04T08:00:00+07:00
PRD000338,CAT008,Product 338 Tonight,7870000.00,5301000.00,discontinued,seed,2025-06-22T08:00:00+07:00,2025-06-22T08:00:00+07:00
PRD000339,CAT006,Product 339 Firm,6660000.00,3681000.00,active,seed,2025-03-13T08:00:00+07:00,2025-03-13T08:00:00+07:00
PRD000340,CAT013,Product 340 Society,4100000.00,3157000.00,active,seed,2025-04-11T08:00:00+07:00,2025-04-11T08:00:00+07:00
PRD000341,CAT015,Product 341 Within,3270000.00,1972000.00,inactive,seed,2025-03-26T08:00:00+07:00,2025-03-26T08:00:00+07:00
PRD000342,CAT015,Product 342 Avoid,3820000.00,2203000.00,inactive,seed,2025-03-29T08:00:00+07:00,2025-03-29T08:00:00+07:00
PRD000343,CAT018,Product 343 Will,6980000.00,5927000.00,active,seed,2025-09-04T08:00:00+07:00,2025-09-04T08:00:00+07:00
PRD000344,CAT020,Product 344 Arrive,3450000.00,2668000.00,active,seed,2025-01-02T08:00:00+07:00,2025-01-02T08:00:00+07:00
PRD000345,CAT016,Product 345 Very,270000.00,209000.00,active,seed,2025-08-04T08:00:00+07:00,2025-08-04T08:00:00+07:00
PRD000346,CAT015,Product 346 Word,4580000.00,2654000.00,active,seed,2025-03-15T08:00:00+07:00,2025-03-15T08:00:00+07:00
PRD000347,CAT016,Product 347 Artist,3460000.00,2546000.00,active,seed,2025-06-09T08:00:00+07:00,2025-06-09T08:00:00+07:00
PRD000348,CAT009,Product 348 Former,5210000.00,4224000.00,active,seed,2025-10-17T08:00:00+07:00,2025-10-17T08:00:00+07:00
PRD000349,CAT014,Product 349 Box,5630000.00,3163000.00,active,seed,2025-07-04T08:00:00+07:00,2025-07-04T08:00:00+07:00
PRD000350,CAT007,Product 350 Week,230000.00,182000.00,active,seed,2025-08-01T08:00:00+07:00,2025-08-01T08:00:00+07:00
PRD000351,CAT012,Product 351 Director,5360000.00,4389000.00,active,seed,2025-06-26T08:00:00+07:00,2025-06-26T08:00:00+07:00
PRD000352,CAT012,Product 352 Open,130000.00,96000.00,active,seed,2025-08-26T08:00:00+07:00,2025-08-26T08:00:00+07:00
PRD000353,CAT016,Product 353 System,2000000.00,1213000.00,active,seed,2025-01-03T08:00:00+07:00,2025-01-03T08:00:00+07:00
PRD000354,CAT007,Product 354 Enough,7550000.00,5477000.00,active,seed,2025-09-08T08:00:00+07:00,2025-09-08T08:00:00+07:00
PRD000355,CAT017,Product 355 Bag,7560000.00,5334000.00,active,seed,2025-01-18T08:00:00+07:00,2025-01-18T08:00:00+07:00
PRD000356,CAT019,Product 356 Trade,110000.00,61000.00,active,seed,2025-08-07T08:00:00+07:00,2025-08-07T08:00:00+07:00
PRD000357,CAT010,Product 357 Force,2360000.00,1586000.00,active,seed,2025-10-12T08:00:00+07:00,2025-10-12T08:00:00+07:00
PRD000358,CAT013,Product 358 Bit,4630000.00,2657000.00,active,seed,2025-07-08T08:00:00+07:00,2025-07-08T08:00:00+07:00
PRD000359,CAT018,Product 359 Can,5480000.00,3698000.00,active,seed,2025-01-23T08:00:00+07:00,2025-01-23T08:00:00+07:00
PRD000360,CAT007,Product 360 Eight,3980000.00,2366000.00,active,seed,2025-06-30T08:00:00+07:00,2025-06-30T08:00:00+07:00
PRD000361,CAT008,Product 361 Think,7860000.00,4658000.00,active,seed,2025-04-20T08:00:00+07:00,2025-04-20T08:00:00+07:00
PRD000362,CAT008,Product 362 Civil,3630000.00,2198000.00,active,seed,2025-07-14T08:00:00+07:00,2025-07-14T08:00:00+07:00
PRD000363,CAT011,Product 363 Alone,4330000.00,3218000.00,active,seed,2025-07-15T08:00:00+07:00,2025-07-15T08:00:00+07:00
PRD000364,CAT010,Product 364 Rest,3360000.00,2641000.00,active,seed,2025-07-01T08:00:00+07:00,2025-07-01T08:00:00+07:00
PRD000365,CAT012,Product 365 True,1600000.00,997000.00,active,seed,2025-07-14T08:00:00+07:00,2025-07-14T08:00:00+07:00
PRD000366,CAT011,Product 366 Market,2930000.00,2273000.00,active,seed,2025-08-10T08:00:00+07:00,2025-08-10T08:00:00+07:00
PRD000367,CAT009,Product 367 Home,420000.00,264000.00,active,seed,2025-02-27T08:00:00+07:00,2025-02-27T08:00:00+07:00
PRD000368,CAT015,Product 368 Movie,7670000.00,4711000.00,active,seed,2025-01-03T08:00:00+07:00,2025-01-03T08:00:00+07:00
PRD000369,CAT020,Product 369 Determine,2060000.00,1713000.00,active,seed,2025-04-28T08:00:00+07:00,2025-04-28T08:00:00+07:00
PRD000370,CAT013,Product 370 Work,860000.00,594000.00,active,seed,2025-05-13T08:00:00+07:00,2025-05-13T08:00:00+07:00
PRD000371,CAT007,Product 371 Budget,3730000.00,3065000.00,active,seed,2025-01-07T08:00:00+07:00,2025-01-07T08:00:00+07:00
PRD000372,CAT019,Product 372 Improve,6170000.00,4646000.00,active,seed,2025-10-14T08:00:00+07:00,2025-10-14T08:00:00+07:00
PRD000373,CAT008,Product 373 Public,2680000.00,1554000.00,active,seed,2025-01-31T08:00:00+07:00,2025-01-31T08:00:00+07:00
PRD000374,CAT015,Product 374 Mouth,760000.00,632000.00,active,seed,2025-08-20T08:00:00+07:00,2025-08-20T08:00:00+07:00
PRD000375,CAT012,Product 375 Commercial,4900000.00,3942000.00,active,seed,2025-06-28T08:00:00+07:00,2025-06-28T08:00:00+07:00
PRD000376,CAT014,Product 376 Body,5190000.00,3460000.00,active,seed,2025-06-20T08:00:00+07:00,2025-06-20T08:00:00+07:00
PRD000377,CAT011,Product 377 Collection,2310000.00,1530000.00,active,seed,2025-06-08T08:00:00+07:00,2025-06-08T08:00:00+07:00
PRD000378,CAT010,Product 378 Class,4280000.00,3036000.00,active,seed,2025-09-29T08:00:00+07:00,2025-09-29T08:00:00+07:00
PRD000379,CAT010,Product 379 Near,4160000.00,3270000.00,active,seed,2025-08-05T08:00:00+07:00,2025-08-05T08:00:00+07:00
PRD000380,CAT018,Product 380 Deal,3170000.00,2549000.00,active,seed,2025-01-26T08:00:00+07:00,2025-01-26T08:00:00+07:00
PRD000381,CAT017,Product 381 Add,2410000.00,1699000.00,inactive,seed,2025-05-26T08:00:00+07:00,2025-05-26T08:00:00+07:00
PRD000382,CAT016,Product 382 Need,4700000.00,3667000.00,active,seed,2025-03-08T08:00:00+07:00,2025-03-08T08:00:00+07:00
PRD000383,CAT020,Product 383 Church,4610000.00,3663000.00,active,seed,2025-02-20T08:00:00+07:00,2025-02-20T08:00:00+07:00
PRD000384,CAT020,Product 384 Amount,5400000.00,3387000.00,active,seed,2025-05-30T08:00:00+07:00,2025-05-30T08:00:00+07:00
PRD000385,CAT015,Product 385 Media,4550000.00,3058000.00,active,seed,2025-02-22T08:00:00+07:00,2025-02-22T08:00:00+07:00
PRD000386,CAT009,Product 386 North,3450000.00,2538000.00,active,seed,2025-08-09T08:00:00+07:00,2025-08-09T08:00:00+07:00
PRD000387,CAT009,Product 387 Worry,1460000.00,918000.00,active,seed,2025-02-09T08:00:00+07:00,2025-02-09T08:00:00+07:00
PRD000388,CAT015,Product 388 Pick,5680000.00,4290000.00,active,seed,2025-07-09T08:00:00+07:00,2025-07-09T08:00:00+07:00
PRD000389,CAT006,Product 389 Someone,6690000.00,4388000.00,active,seed,2025-10-21T08:00:00+07:00,2025-10-21T08:00:00+07:00
PRD000390,CAT009,Product 390 Dinner,290000.00,201000.00,active,seed,2025-04-19T08:00:00+07:00,2025-04-19T08:00:00+07:00
PRD000391,CAT008,Product 391 Any,6650000.00,5291000.00,active,seed,2025-07-17T08:00:00+07:00,2025-07-17T08:00:00+07:00
PRD000392,CAT015,Product 392 Live,4720000.00,3226000.00,active,seed,2025-08-06T08:00:00+07:00,2025-08-06T08:00:00+07:00
PRD000393,CAT020,Product 393 Other,130000.00,84000.00,active,seed,2025-08-27T08:00:00+07:00,2025-08-27T08:00:00+07:00
PRD000394,CAT008,Product 394 Rich,1510000.00,1224000.00,active,seed,2025-08-29T08:00:00+07:00,2025-08-29T08:00:00+07:00
PRD000395,CAT012,Product 395 Myself,720000.00,593000.00,active,seed,2025-01-21T08:00:00+07:00,2025-01-21T08:00:00+07:00
PRD000396,CAT006,Product 396 Both,2870000.00,2297000.00,active,seed,2025-09-06T08:00:00+07:00,2025-09-06T08:00:00+07:00
PRD000397,CAT013,Product 397 Structure,1520000.00,1226000.00,active,seed,2025-10-06T08:00:00+07:00,2025-10-06T08:00:00+07:00
PRD000398,CAT010,Product 398 Three,6290000.00,5000000.00,active,seed,2025-05-30T08:00:00+07:00,2025-05-30T08:00:00+07:00
PRD000399,CAT020,Product 399 Scientist,6190000.00,4951000.00,active,seed,2025-04-16T08:00:00+07:00,2025-04-16T08:00:00+07:00
PRD000400,CAT011,Product 400 Theory,700000.00,470000.00,active,seed,2025-04-15T08:00:00+07:00,2025-04-15T08:00:00+07:00
PRD000401,CAT011,Product 401 Near,2320000.00,1286000.00,active,seed,2025-01-22T08:00:00+07:00,2025-01-22T08:00:00+07:00
PRD000402,CAT008,Product 402 Last,4000000.00,2728000.00,active,seed,2025-01-04T08:00:00+07:00,2025-01-04T08:00:00+07:00
PRD000403,CAT017,Product 403 Friend,3240000.00,2450000.00,inactive,seed,2025-10-16T08:00:00+07:00,2025-10-16T08:00:00+07:00
PRD000404,CAT009,Product 404 Music,470000.00,332000.00,active,seed,2025-05-19T08:00:00+07:00,2025-05-19T08:00:00+07:00
PRD000405,CAT009,Product 405 Difference,1260000.00,911000.00,active,seed,2025-06-13T08:00:00+07:00,2025-06-13T08:00:00+07:00
PRD000406,CAT009,Product 406 Box,2780000.00,1683000.00,active,seed,2025-07-14T08:00:00+07:00,2025-07-14T08:00:00+07:00
PRD000407,CAT006,Product 407 Glass,1930000.00,1149000.00,active,seed,2025-09-23T08:00:00+07:00,2025-09-23T08:00:00+07:00
PRD000408,CAT009,Product 408 After,2940000.00,1761000.00,active,seed,2025-01-02T08:00:00+07:00,2025-01-02T08:00:00+07:00
PRD000409,CAT006,Product 409 Number,1990000.00,1307000.00,active,seed,2025-05-07T08:00:00+07:00,2025-05-07T08:00:00+07:00
PRD000410,CAT008,Product 410 Every,3840000.00,2782000.00,active,seed,2025-09-20T08:00:00+07:00,2025-09-20T08:00:00+07:00
PRD000411,CAT019,Product 411 Character,500000.00,381000.00,discontinued,seed,2025-08-21T08:00:00+07:00,2025-08-21T08:00:00+07:00
PRD000412,CAT010,Product 412 Yeah,7960000.00,4604000.00,active,seed,2025-05-12T08:00:00+07:00,2025-05-12T08:00:00+07:00
PRD000413,CAT015,Product 413 Image,3020000.00,2321000.00,active,seed,2025-06-22T08:00:00+07:00,2025-06-22T08:00:00+07:00
PRD000414,CAT016,Product 414 Computer,2190000.00,1586000.00,active,seed,2025-07-08T08:00:00+07:00,2025-07-08T08:00:00+07:00
PRD000415,CAT019,Product 415 Treat,3420000.00,2636000.00,active,seed,2025-10-16T08:00:00+07:00,2025-10-16T08:00:00+07:00
PRD000416,CAT019,Product 416 Morning,3670000.00,2821000.00,active,seed,2025-04-17T08:00:00+07:00,2025-04-17T08:00:00+07:00
PRD000417,CAT010,Product 417 Plan,6400000.00,4703000.00,active,seed,2025-02-20T08:00:00+07:00,2025-02-20T08:00:00+07:00
PRD000418,CAT011,Product 418 Focus,5200000.00,4369000.00,active,seed,2025-06-24T08:00:00+07:00,2025-06-24T08:00:00+07:00
PRD000419,CAT007,Product 419 Whose,460000.00,387000.00,active,seed,2025-08-18T08:00:00+07:00,2025-08-18T08:00:00+07:00
PRD000420,CAT019,Product 420 Society,3640000.00,2480000.00,active,seed,2025-06-07T08:00:00+07:00,2025-06-07T08:00:00+07:00
PRD000421,CAT014,Product 421 Probably,6540000.00,3976000.00,active,seed,2025-10-13T08:00:00+07:00,2025-10-13T08:00:00+07:00
PRD000422,CAT011,Product 422 Chance,3880000.00,2291000.00,active,seed,2025-09-26T08:00:00+07:00,2025-09-26T08:00:00+07:00
PRD000423,CAT020,Product 423 Wall,7250000.00,4089000.00,active,seed,2025-04-12T08:00:00+07:00,2025-04-12T08:00:00+07:00
PRD000424,CAT016,Product 424 City,1990000.00,1530000.00,active,seed,2025-07-13T08:00:00+07:00,2025-07-13T08:00:00+07:00
PRD000425,CAT008,Product 425 Story,3490000.00,1942000.00,active,seed,2025-03-31T08:00:00+07:00,2025-03-31T08:00:00+07:00
PRD000426,CAT015,Product 426 Case,5450000.00,3858000.00,active,seed,2025-03-24T08:00:00+07:00,2025-03-24T08:00:00+07:00
PRD000427,CAT018,Product 427 Fund,2310000.00,1336000.00,inactive,seed,2025-10-11T08:00:00+07:00,2025-10-11T08:00:00+07:00
PRD000428,CAT016,Product 428 Week,5610000.00,4453000.00,active,seed,2025-01-06T08:00:00+07:00,2025-01-06T08:00:00+07:00
PRD000429,CAT018,Product 429 During,4770000.00,3089000.00,active,seed,2025-08-05T08:00:00+07:00,2025-08-05T08:00:00+07:00
PRD000430,CAT007,Product 430 Every,1030000.00,654000.00,active,seed,2025-03-22T08:00:00+07:00,2025-03-22T08:00:00+07:00
PRD000431,CAT007,Product 431 Job,5050000.00,2915000.00,active,seed,2025-01-26T08:00:00+07:00,2025-01-26T08:00:00+07:00
PRD000432,CAT010,Product 432 Message,130000.00,108000.00,inactive,seed,2025-02-17T08:00:00+07:00,2025-02-17T08:00:00+07:00
PRD000433,CAT009,Product 433 Section,210000.00,138000.00,active,seed,2025-03-06T08:00:00+07:00,2025-03-06T08:00:00+07:00
PRD000434,CAT010,Product 434 Give,2080000.00,1588000.00,active,seed,2025-05-04T08:00:00+07:00,2025-05-04T08:00:00+07:00
PRD000435,CAT018,Product 435 Image,4250000.00,2729000.00,active,seed,2025-07-25T08:00:00+07:00,2025-07-25T08:00:00+07:00
PRD000436,CAT014,Product 436 Challenge,7800000.00,5946000.00,active,seed,2025-10-26T08:00:00+07:00,2025-10-26T08:00:00+07:00
PRD000437,CAT018,Product 437 Style,950000.00,668000.00,active,seed,2025-09-24T08:00:00+07:00,2025-09-24T08:00:00+07:00
PRD000438,CAT008,Product 438 At,5010000.00,4199000.00,active,seed,2025-01-23T08:00:00+07:00,2025-01-23T08:00:00+07:00
PRD000439,CAT017,Product 439 Size,6290000.00,4148000.00,active,seed,2025-04-14T08:00:00+07:00,2025-04-14T08:00:00+07:00
PRD000440,CAT016,Product 440 If,7590000.00,6144000.00,active,seed,2025-02-21T08:00:00+07:00,2025-02-21T08:00:00+07:00
PRD000441,CAT006,Product 441 Third,1440000.00,829000.00,active,seed,2025-08-10T08:00:00+07:00,2025-08-10T08:00:00+07:00
PRD000442,CAT014,Product 442 Note,5640000.00,3700000.00,active,seed,2025-02-28T08:00:00+07:00,2025-02-28T08:00:00+07:00
PRD000443,CAT012,Product 443 Blue,5070000.00,3685000.00,active,seed,2025-01-22T08:00:00+07:00,2025-01-22T08:00:00+07:00
PRD000444,CAT010,Product 444 Those,2460000.00,1522000.00,active,seed,2025-08-07T08:00:00+07:00,2025-08-07T08:00:00+07:00
PRD000445,CAT018,Product 445 Wrong,2310000.00,1307000.00,inactive,seed,2025-09-07T08:00:00+07:00,2025-09-07T08:00:00+07:00
PRD000446,CAT014,Product 446 Through,3190000.00,2392000.00,active,seed,2025-07-20T08:00:00+07:00,2025-07-20T08:00:00+07:00
PRD000447,CAT011,Product 447 Woman,5000000.00,4051000.00,active,seed,2025-03-14T08:00:00+07:00,2025-03-14T08:00:00+07:00
PRD000448,CAT013,Product 448 Place,7130000.00,5227000.00,active,seed,2025-03-14T08:00:00+07:00,2025-03-14T08:00:00+07:00
PRD000449,CAT013,Product 449 Day,6030000.00,4066000.00,discontinued,seed,2025-02-02T08:00:00+07:00,2025-02-02T08:00:00+07:00
PRD000450,CAT006,Product 450 Benefit,5800000.00,3723000.00,active,seed,2025-05-11T08:00:00+07:00,2025-05-11T08:00:00+07:00
PRD000451,CAT014,Product 451 Production,7360000.00,4079000.00,active,seed,2025-09-07T08:00:00+07:00,2025-09-07T08:00:00+07:00
PRD000452,CAT018,Product 452 Pay,2800000.00,2334000.00,active,seed,2025-09-23T08:00:00+07:00,2025-09-23T08:00:00+07:00
PRD000453,CAT012,Product 453 Age,7200000.00,5646000.00,active,seed,2025-06-08T08:00:00+07:00,2025-06-08T08:00:00+07:00
PRD000454,CAT013,Product 454 Risk,1470000.00,1043000.00,active,seed,2025-02-15T08:00:00+07:00,2025-02-15T08:00:00+07:00
PRD000455,CAT020,Product 455 Policy,3730000.00,3055000.00,discontinued,seed,2025-01-09T08:00:00+07:00,2025-01-09T08:00:00+07:00
PRD000456,CAT012,Product 456 Institution,6670000.00,4018000.00,active,seed,2025-04-04T08:00:00+07:00,2025-04-04T08:00:00+07:00
PRD000457,CAT018,Product 457 During,5890000.00,3890000.00,active,seed,2025-10-12T08:00:00+07:00,2025-10-12T08:00:00+07:00
PRD000458,CAT012,Product 458 Must,3470000.00,2638000.00,active,seed,2025-09-28T08:00:00+07:00,2025-09-28T08:00:00+07:00
PRD000459,CAT019,Product 459 Around,3980000.00,2784000.00,active,seed,2025-01-07T08:00:00+07:00,2025-01-07T08:00:00+07:00
PRD000460,CAT007,Product 460 Most,440000.00,303000.00,active,seed,2025-09-10T08:00:00+07:00,2025-09-10T08:00:00+07:00
PRD000461,CAT008,Product 461 In,4980000.00,3109000.00,active,seed,2025-04-11T08:00:00+07:00,2025-04-11T08:00:00+07:00
PRD000462,CAT012,Product 462 Computer,5460000.00,4217000.00,active,seed,2025-05-06T08:00:00+07:00,2025-05-06T08:00:00+07:00
PRD000463,CAT007,Product 463 Loss,5890000.00,4544000.00,active,seed,2025-05-22T08:00:00+07:00,2025-05-22T08:00:00+07:00
PRD000464,CAT006,Product 464 Still,4170000.00,2733000.00,active,seed,2025-03-31T08:00:00+07:00,2025-03-31T08:00:00+07:00
PRD000465,CAT020,Product 465 Tonight,7680000.00,5225000.00,active,seed,2025-04-16T08:00:00+07:00,2025-04-16T08:00:00+07:00
PRD000466,CAT007,Product 466 Happy,5600000.00,4596000.00,active,seed,2025-09-09T08:00:00+07:00,2025-09-09T08:00:00+07:00
PRD000467,CAT018,Product 467 Against,6530000.00,4382000.00,active,seed,2025-06-16T08:00:00+07:00,2025-06-16T08:00:00+07:00
PRD000468,CAT006,Product 468 In,3830000.00,2978000.00,active,seed,2025-06-29T08:00:00+07:00,2025-06-29T08:00:00+07:00
PRD000469,CAT007,Product 469 Room,5550000.00,4211000.00,active,seed,2025-02-09T08:00:00+07:00,2025-02-09T08:00:00+07:00
PRD000470,CAT011,Product 470 Nothing,130000.00,85000.00,active,seed,2025-02-02T08:00:00+07:00,2025-02-02T08:00:00+07:00
PRD000471,CAT013,Product 471 Age,620000.00,412000.00,active,seed,2025-04-24T08:00:00+07:00,2025-04-24T08:00:00+07:00
PRD000472,CAT012,Product 472 Century,5970000.00,3725000.00,active,seed,2025-08-21T08:00:00+07:00,2025-08-21T08:00:00+07:00
PRD000473,CAT019,Product 473 Sing,3820000.00,2814000.00,active,seed,2025-09-21T08:00:00+07:00,2025-09-21T08:00:00+07:00
PRD000474,CAT006,Product 474 Single,1280000.00,783000.00,active,seed,2025-09-09T08:00:00+07:00,2025-09-09T08:00:00+07:00
PRD000475,CAT011,Product 475 Easy,6570000.00,3914000.00,discontinued,seed,2025-03-12T08:00:00+07:00,2025-03-12T08:00:00+07:00
PRD000476,CAT006,Product 476 Imagine,3040000.00,2298000.00,active,seed,2025-09-22T08:00:00+07:00,2025-09-22T08:00:00+07:00
PRD000477,CAT007,Product 477 Network,1340000.00,1138000.00,active,seed,2025-10-25T08:00:00+07:00,2025-10-25T08:00:00+07:00
PRD000478,CAT013,Product 478 Their,4590000.00,3347000.00,active,seed,2025-02-24T08:00:00+07:00,2025-02-24T08:00:00+07:00
PRD000479,CAT018,Product 479 Trade,4710000.00,2791000.00,active,seed,2025-04-18T08:00:00+07:00,2025-04-18T08:00:00+07:00
PRD000480,CAT016,Product 480 Take,1150000.00,675000.00,active,seed,2025-06-08T08:00:00+07:00,2025-06-08T08:00:00+07:00
PRD000481,CAT013,Product 481 Property,3190000.00,2651000.00,active,seed,2025-01-03T08:00:00+07:00,2025-01-03T08:00:00+07:00
PRD000482,CAT010,Product 482 Pull,370000.00,213000.00,active,seed,2025-06-25T08:00:00+07:00,2025-06-25T08:00:00+07:00
PRD000483,CAT013,Product 483 Less,5890000.00,4186000.00,active,seed,2025-03-26T08:00:00+07:00,2025-03-26T08:00:00+07:00
PRD000484,CAT010,Product 484 Not,4500000.00,2735000.00,active,seed,2025-02-10T08:00:00+07:00,2025-02-10T08:00:00+07:00
PRD000485,CAT019,Product 485 Top,6250000.00,4447000.00,active,seed,2025-03-26T08:00:00+07:00,2025-03-26T08:00:00+07:00
PRD000486,CAT016,Product 486 Like,440000.00,244000.00,active,seed,2025-03-17T08:00:00+07:00,2025-03-17T08:00:00+07:00
PRD000487,CAT015,Product 487 She,780000.00,577000.00,active,seed,2025-09-22T08:00:00+07:00,2025-09-22T08:00:00+07:00
PRD000488,CAT012,Product 488 Various,3470000.00,2064000.00,active,seed,2025-07-27T08:00:00+07:00,2025-07-27T08:00:00+07:00
PRD000489,CAT006,Product 489 Protect,7410000.00,4422000.00,active,seed,2025-09-07T08:00:00+07:00,2025-09-07T08:00:00+07:00
PRD000490,CAT018,Product 490 Find,7000000.00,4425000.00,active,seed,2025-10-12T08:00:00+07:00,2025-10-12T08:00:00+07:00
PRD000491,CAT007,Product 491 Top,2670000.00,1853000.00,active,seed,2025-02-17T08:00:00+07:00,2025-02-17T08:00:00+07:00
PRD000492,CAT014,Product 492 Management,3620000.00,2552000.00,active,seed,2025-01-01T08:00:00+07:00,2025-01-01T08:00:00+07:00
PRD000493,CAT011,Product 493 Project,2120000.00,1696000.00,discontinued,seed,2025-07-16T08:00:00+07:00,2025-07-16T08:00:00+07:00
PRD000494,CAT012,Product 494 Responsibility,6450000.00,4600000.00,active,seed,2025-07-04T08:00:00+07:00,2025-07-04T08:00:00+07:00
PRD000495,CAT013,Product 495 Leader,1520000.00,1259000.00,active,seed,2025-09-22T08:00:00+07:00,2025-09-22T08:00:00+07:00
PRD000496,CAT013,Product 496 Country,2600000.00,2111000.00,active,seed,2025-06-05T08:00:00+07:00,2025-06-05T08:00:00+07:00
PRD000497,CAT009,Product 497 Create,3690000.00,2613000.00,active,seed,2025-09-11T08:00:00+07:00,2025-09-11T08:00:00+07:00
PRD000498,CAT016,Product 498 Project,320000.00,265000.00,active,seed,2025-05-28T08:00:00+07:00,2025-05-28T08:00:00+07:00
PRD000499,CAT007,Product 499 Teacher,3570000.00,2134000.00,active,seed,2025-05-19T08:00:00+07:00,2025-05-19T08:00:00+07:00
PRD000500,CAT013,Product 500 Story,1940000.00,1418000.00,active,seed,2025-02-26T08:00:00+07:00,2025-02-26T08:00:00+07:00
