customer_id,recency_days,frequency,monetary
CUS000001,104,8,86839000.00
CUS000002,139,8,95212000.00
CUS000003,161,3,37051500.00
CUS000004,215,2,31991500.00
CUS000005,128,5,82329000.00
CUS000006,107,3,20019500.00
CUS000007,161,2,26072000.00
CUS000008,189,2,26820500.00
CUS000009,195,1,15381000.00
CUS000010,101,4,76384500.00
CUS000011,143,4,40587500.00
CUS000012,91,5,75214000.00
CUS000013,109,5,85871000.00
CUS000014,194,1,4870000.00
CUS000015,120,3,51498000.00
CUS000016,104,4,63229000.00
CUS000017,174,3,54933500.00
CUS000018,100,5,107020000.00
CUS000019,105,3,11843000.00
CUS000020,134,2,27283500.00
CUS000021,168,2,27209500.00
CUS000022,99,7,67668500.00
CUS000023,102,2,12284000.00
CUS000024,103,6,63223500.00
CUS000025,110,5,40027000.00
CUS000026,122,5,66220500.00
CUS000027,111,7,92066000.00
CUS000028,101,3,47107000.00
CUS000029,98,6,75509000.00
CUS000030,103,5,64949500.00
CUS000031,131,5,69008000.00
CUS000032,152,4,47159500.00
CUS000033,93,2,37731000.00
CUS000034,101,6,103475000.00
CUS000035,125,3,24593000.00
CUS000036,107,5,53574000.00
CUS000037,101,5,55445500.00
CUS000038,117,7,59478500.00
CUS000039,194,2,21027000.00
CUS000040,178,1,6383000.00
CUS000041,95,8,67270000.00
CUS000042,116,7,97633500.00
CUS000043,176,1,3621000.00
CUS000044,201,2,49108000.00
CUS000045,162,4,19985000.00
CUS000046,127,3,74211000.00
CUS000047,112,3,20883500.00
CUS000049,94,6,109931000.00
CUS000050,136,2,33894500.00
CUS000051,132,2,25838500.00
CUS000052,103,5,60478000.00
CUS000053,132,3,31605000.00
CUS000054,102,5,68369000.00
CUS000055,166,6,51271500.00
CUS000056,201,7,76380500.00
CUS000057,96,4,68304000.00
CUS000058,96,5,59703500.00
CUS000059,190,2,8811500.00
CUS000060,104,4,88645500.00
CUS000061,139,6,56554000.00
CUS000062,125,3,65854000.00
CUS000063,194,2,34410000.00
CUS000064,120,3,38408500.00
CUS000065,112,2,13993500.00
CUS000066,134,5,63410000.00
CUS000067,127,4,53450500.00
CUS000068,226,4,69002000.00
CUS000069,154,7,63424500.00
CUS000070,156,3,44990000.00
CUS000071,122,1,12347500.00
CUS000072,151,6,93148000.00
CUS000073,147,1,19043500.00
CUS000074,132,2,19963500.00
CUS000075,175,2,40042000.00
CUS000076,126,3,79344000.00
CUS000077,164,1,18244000.00
CUS000078,122,3,25377500.00
CUS000079,145,3,50146500.00
CUS000080,110,3,33444500.00
CUS000081,112,4,56520500.00
CUS000082,114,7,94892000.00
CUS000083,225,1,13119000.00
CUS000084,90,4,55753500.00
CUS000085,180,2,16836000.00
CUS000086,249,1,4788000.00
CUS000087,97,3,80018500.00
CUS000088,91,4,37137000.00
CUS000089,110,7,74723000.00
CUS000090,136,5,78840500.00
CUS000091,125,4,57159000.00
CUS000092,97,6,85896500.00
CUS000093,145,3,33005000.00
CUS000094,95,8,148882000.00
CUS000095,97,8,76256000.00
CUS000096,118,3,23071000.00
CUS000098,99,3,24744500.00
CUS000099,142,3,30243000.00
CUS000100,106,2,9758500.00
CUS000101,210,2,16835500.00
CUS000102,213,2,19680000.00
CUS000103,140,2,24411500.00
CUS000104,197,3,34621500.00
CUS000105,94,5,52761500.00
CUS000106,156,4,58531000.00
CUS000107,108,5,40855500.00
CUS000108,152,6,76549500.00
CUS000109,116,4,51086000.00
CUS000110,149,4,80980500.00
CUS000111,171,7,49993500.00
CUS000112,94,3,40415500.00
CUS000113,134,5,68382000.00
CUS000114,186,6,65910500.00
CUS000115,185,2,25764500.00
CUS000116,146,5,73136000.00
CUS000117,93,2,16123500.00
CUS000118,101,4,55071000.00
CUS000119,108,7,78052500.00
CUS000120,177,3,60322500.00
CUS000121,101,6,74361000.00
CUS000122,161,1,11157500.00
CUS000123,102,5,48950000.00
CUS000124,107,5,35133000.00
CUS000125,103,3,55824000.00
CUS000127,173,2,28740500.00
CUS000128,144,2,28988000.00
CUS000129,198,1,6035000.00
CUS000130,154,3,22143500.00
CUS000131,100,4,40727000.00
CUS000132,95,7,89296000.00
CUS000133,153,3,56688000.00
CUS000134,103,7,111166000.00
CUS000135,98,4,82613000.00
CUS000136,127,3,28376500.00
CUS000137,122,3,31066500.00
CUS000138,95,4,49102000.00
CUS000139,96,2,9211000.00
CUS000140,130,2,17063500.00
CUS000141,95,8,66019000.00
CUS000142,131,4,48084000.00
CUS000143,104,3,23634000.00
CUS000144,98,6,50387500.00
CUS000145,101,7,90445500.00
CUS000146,230,1,9731000.00
CUS000147,155,4,53649500.00
CUS000148,95,8,130368000.00
CUS000149,120,5,110677500.00
CUS000150,203,1,8644500.00
CUS000151,101,6,48754000.00
CUS000152,216,3,47285000.00
CUS000153,146,3,41831000.00
CUS000154,203,1,14505500.00
CUS000155,117,7,94381000.00
CUS000157,118,5,72409500.00
CUS000158,144,5,39310000.00
CUS000159,129,6,56275000.00
CUS000160,94,2,34883000.00
CUS000161,178,4,30806000.00
CUS000162,202,3,50920000.00
CUS000163,183,4,25788000.00
CUS000165,99,6,103599500.00
CUS000166,178,4,46899000.00
CUS000167,91,7,56325500.00
CUS000168,109,5,60456000.00
CUS000169,103,6,87195000.00
CUS000170,117,4,35874500.00
CUS000171,92,5,61121500.00
CUS000172,94,6,60217500.00
CUS000173,133,1,17758500.00
CUS000174,195,2,19657500.00
CUS000175,141,5,56993000.00
CUS000176,195,4,32100500.00
CUS000177,127,2,11181500.00
CUS000178,103,6,70934000.00
CUS000179,171,3,48842500.00
CUS000180,112,5,50429000.00
CUS000181,173,2,34805000.00
CUS000182,96,5,46624000.00
CUS000183,97,5,52060000.00
CUS000184,133,3,54541500.00
CUS000185,110,6,84734500.00
CUS000186,114,3,31746500.00
CUS000187,160,5,90264500.00
CUS000188,97,5,52577500.00
CUS000189,123,6,79293000.00
CUS000190,146,6,48368500.00
CUS000191,124,2,23421000.00
CUS000192,93,4,46036000.00
CUS000193,94,6,63792500.00
CUS000194,129,3,34213000.00
CUS000195,193,5,51473500.00
CUS000196,90,5,80953000.00
CUS000197,120,3,63503000.00
CUS000198,111,5,66469500.00
CUS000199,159,4,51533500.00
CUS000200,113,3,50017000.00
CUS000201,123,2,16980500.00
CUS000202,209,1,7740000.00
CUS000203,108,6,83924000.00
CUS000204,237,1,13357500.00
CUS000205,104,2,26832500.00
CUS000206,113,7,114300000.00
CUS000207,159,3,25563000.00
CUS000208,175,3,22116500.00
CUS000209,145,2,12576000.00
CUS000210,94,4,56597500.00
CUS000211,107,7,71784000.00
CUS000212,152,1,10951000.00
CUS000213,106,2,58258500.00
CUS000214,207,3,33698500.00
CUS000215,97,3,18488500.00
CUS000216,105,1,22661500.00
CUS000217,98,2,41800000.00
CUS000218,96,7,89379000.00
CUS000219,163,7,84424000.00
CUS000220,101,7,76464000.00
CUS000221,136,3,32685500.00
CUS000222,170,4,26722000.00
CUS000223,175,4,47813500.00
CUS000224,121,3,42353000.00
CUS000225,216,2,23885000.00
CUS000226,239,2,37850000.00
CUS000227,121,3,69430500.00
CUS000228,210,3,51754000.00
CUS000229,163,5,76387000.00
CUS000230,101,4,94661500.00
CUS000231,91,1,7333500.00
CUS000232,215,1,23350000.00
CUS000233,210,1,7760000.00
CUS000234,153,2,16789500.00
CUS000235,108,4,55004000.00
CUS000236,174,4,47108500.00
CUS000237,136,2,35175500.00
CUS000238,176,3,27390000.00
CUS000239,129,3,39165000.00
CUS000241,142,6,78458500.00
CUS000242,109,5,52797000.00
CUS000244,107,6,50150000.00
CUS000245,115,4,55669000.00
CUS000246,127,3,23760000.00
CUS000247,92,5,85736500.00
CUS000248,104,3,51210500.00
CUS000249,105,2,10543500.00
CUS000250,203,3,25359000.00
CUS000251,247,1,7587000.00
CUS000252,104,3,54466500.00
CUS000253,102,5,47085000.00
CUS000255,104,4,42342500.00
CUS000256,242,3,50494000.00
CUS000257,128,3,31249000.00
CUS000258,182,2,19633500.00
CUS000260,109,5,84253000.00
CUS000261,101,8,104646000.00
CUS000262,90,4,33164000.00
CUS000263,138,8,119667000.00
CUS000264,113,4,42160000.00
CUS000265,164,3,55888000.00
CUS000266,96,4,30151500.00
CUS000267,268,1,5418000.00
CUS000268,172,4,65894000.00
CUS000269,123,2,28203500.00
CUS000270,173,3,40869500.00
CUS000271,94,9,150793500.00
CUS000272,163,2,19473500.00
CUS000273,118,2,25992500.00
CUS000274,103,3,59688500.00
CUS000275,194,3,31357000.00
CUS000276,125,9,137605500.00
CUS000277,97,3,32634500.00
CUS000278,174,7,62819500.00
CUS000279,114,2,22244000.00
CUS000280,112,4,65692000.00
CUS000281,100,5,37559000.00
CUS000283,166,2,30242500.00
CUS000284,102,4,41445000.00
CUS000285,98,7,79683500.00
CUS000286,106,6,118868500.00
CUS000287,93,9,113193000.00
CUS000288,195,3,39904000.00
CUS000289,91,9,112710500.00
CUS000290,149,7,118236500.00
CUS000291,142,3,42375000.00
CUS000292,109,8,70787000.00
CUS000293,147,3,35399000.00
CUS000294,118,2,21425500.00
CUS000295,169,3,36209000.00
CUS000296,174,1,10020000.00
CUS000297,102,2,58326000.00
CUS000298,122,4,55186000.00
CUS000299,131,3,25885000.00
CUS000300,123,2,28981000.00
CUS000301,93,3,18920000.00
CUS000302,160,5,28714000.00
CUS000303,108,5,84528500.00
CUS000304,128,10,150294000.00
CUS000305,111,9,128382500.00
CUS000306,204,2,11812000.00
CUS000307,102,5,42773000.00
CUS000308,116,4,74682000.00
CUS000309,200,3,26187500.00
CUS000310,161,2,35771500.00
CUS000311,119,4,51452000.00
CUS000312,219,2,29818500.00
CUS000313,221,1,19620000.00
CUS000314,132,5,72709500.00
CUS000315,96,4,53608000.00
CUS000316,120,2,30536000.00
CUS000317,129,5,61330500.00
CUS000318,218,2,37253000.00
CUS000319,138,2,13808500.00
CUS000320,163,5,70120500.00
CUS000321,163,3,15882500.00
CUS000322,161,4,66292500.00
CUS000323,175,3,40847500.00
CUS000324,98,6,78333500.00
CUS000325,101,7,70810500.00
CUS000326,99,5,96353000.00
CUS000327,100,5,42854500.00
CUS000328,246,1,6820000.00
CUS000329,100,5,71804000.00
CUS000330,140,5,69764000.00
CUS000331,92,4,44578000.00
CUS000332,115,6,66115000.00
CUS000333,113,7,49465000.00
CUS000334,140,5,59220000.00
CUS000335,92,6,94870000.00
CUS000336,90,7,116513500.00
CUS000337,143,4,29181000.00
CUS000338,94,6,73344000.00
CUS000339,115,4,57875500.00
CUS000341,123,5,62962000.00
CUS000342,94,6,108124000.00
CUS000343,129,1,551000.00
CUS000344,114,3,29698500.00
CUS000345,120,1,20791500.00
CUS000346,111,4,15346000.00
CUS000347,213,1,11871500.00
CUS000348,150,3,39429000.00
CUS000349,210,1,25303000.00
CUS000350,100,6,96404500.00
CUS000351,117,2,26605000.00
CUS000352,108,2,49975500.00
CUS000353,210,1,10630500.00
CUS000354,141,3,40893000.00
CUS000355,107,6,63501500.00
CUS000356,110,2,15920000.00
CUS000357,165,3,16314500.00
CUS000358,105,3,34596500.00
CUS000359,95,4,16116500.00
CUS000360,191,3,43705500.00
CUS000361,122,2,36182000.00
CUS000362,99,5,100641000.00
CUS000363,99,6,56275000.00
CUS000364,132,5,62916500.00
CUS000365,134,5,68748500.00
CUS000366,157,4,76674500.00
CUS000367,130,3,51826000.00
CUS000368,122,2,29055500.00
CUS000369,176,3,41912500.00
CUS000370,115,2,50030000.00
CUS000372,182,4,37818500.00
CUS000373,157,2,13304000.00
CUS000374,104,8,98342000.00
CUS000375,262,1,378000.00
CUS000376,197,6,27368000.00
CUS000377,94,7,90699000.00
CUS000378,171,3,14674500.00
CUS000379,96,4,31033500.00
CUS000380,102,1,13349500.00
CUS000381,125,4,26257500.00
CUS000382,117,2,31276500.00
CUS000383,126,4,24364500.00
CUS000384,102,4,55408000.00
CUS000385,92,6,74109000.00
CUS000386,102,4,18647000.00
CUS000387,105,5,57493000.00
CUS000388,92,9,101900000.00
CUS000389,215,3,37033000.00
CUS000390,109,4,55755500.00
CUS000391,180,4,52280500.00
CUS000392,261,1,8206000.00
CUS000393,146,4,62691500.00
CUS000394,95,3,19855500.00
CUS000395,154,3,25656500.00
CUS000396,168,4,85842000.00
CUS000397,103,3,20777000.00
CUS000398,97,5,48924000.00
CUS000399,103,6,72588500.00
CUS000401,106,3,59638500.00
CUS000402,134,5,51133500.00
CUS000403,118,4,72717500.00
CUS000404,128,6,86931000.00
CUS000405,128,1,14137000.00
CUS000406,225,2,17193000.00
CUS000407,101,3,14357500.00
CUS000408,90,8,61376000.00
CUS000409,147,2,23470500.00
CUS000410,136,4,48230500.00
CUS000411,146,4,44375000.00
CUS000412,154,5,37115000.00
CUS000413,149,4,58519000.00
CUS000414,117,4,54377000.00
CUS000415,187,5,76216000.00
CUS000416,91,6,64730500.00
CUS000417,93,8,105283500.00
CUS000418,187,5,75661500.00
CUS000419,134,3,30581000.00
CUS000420,201,3,32643000.00
CUS000421,92,3,45635000.00
CUS000422,110,10,114106500.00
CUS000423,118,2,15431500.00
CUS000424,124,4,35136000.00
CUS000425,193,2,35104000.00
CUS000426,116,5,51274000.00
CUS000427,91,6,80375000.00
CUS000428,123,4,43053000.00
CUS000429,108,7,60122500.00
CUS000430,149,3,27799000.00
CUS000431,106,3,41836500.00
CUS000432,170,2,13464000.00
CUS000433,111,3,31396000.00
CUS000434,91,9,112812000.00
CUS000435,262,1,1052500.00
CUS000436,138,1,6490500.00
CUS000437,94,4,76242000.00
CUS000438,108,5,74346000.00
CUS000439,105,5,87363500.00
CUS000440,123,4,45894500.00
CUS000441,182,6,63240000.00
CUS000442,194,3,26694000.00
CUS000443,115,2,47431500.00
CUS000444,93,5,55116000.00
CUS000445,103,3,55346000.00
CUS000446,153,3,31358000.00
CUS000447,115,5,80175500.00
CUS000448,128,1,13325000.00
CUS000449,115,4,25256500.00
CUS000450,94,6,65395000.00
CUS000451,109,7,70638500.00
CUS000452,93,9,111616000.00
CUS000453,155,5,70206500.00
CUS000454,164,3,16801500.00
CUS000455,157,4,16446000.00
CUS000456,99,3,33495500.00
CUS000458,128,3,34322500.00
CUS000459,95,8,116848000.00
CUS000460,120,6,78846000.00
CUS000461,169,3,33728000.00
CUS000462,228,2,14765500.00
CUS000463,101,6,64166000.00
CUS000464,109,7,88473000.00
CUS000465,119,4,44659500.00
CUS000466,155,2,22840000.00
CUS000467,96,4,37382000.00
CUS000468,119,2,30389500.00
CUS000469,96,5,54273500.00
CUS000470,103,4,58974500.00
CUS000471,229,1,10233500.00
CUS000472,122,6,54678500.00
CUS000473,161,3,41360000.00
CUS000474,109,4,60197000.00
CUS000475,121,8,164104000.00
CUS000476,110,7,77819500.00
CUS000477,179,3,28529500.00
CUS000478,98,7,67865000.00
CUS000479,92,4,22633500.00
CUS000480,94,3,22455500.00
CUS000481,202,2,18908000.00
CUS000482,92,4,60077000.00
CUS000483,102,4,45242500.00
CUS000484,200,2,31402500.00
CUS000485,99,6,56386500.00
CUS000486,100,7,130649500.00
CUS000487,111,4,42742500.00
CUS000488,96,6,46457500.00
CUS000489,214,3,45489000.00
CUS000490,96,3,31194500.00
CUS000491,105,2,50529000.00
CUS000492,92,8,103087500.00
CUS000493,97,2,15309000.00
CUS000494,94,5,81161500.00
CUS000495,124,6,95981500.00
CUS000496,124,5,90552000.00
CUS000497,142,2,19496000.00
CUS000498,148,4,46189500.00
CUS000499,102,6,100137000.00
CUS000501,203,2,4447500.00
CUS000502,97,2,20998500.00
CUS000503,91,7,137877500.00
CUS000504,206,1,10633000.00
CUS000505,121,6,75054000.00
CUS000506,114,6,66052500.00
CUS000507,105,2,7686000.00
CUS000508,95,5,41595000.00
CUS000509,214,3,63796500.00
CUS000510,99,4,42892500.00
CUS000511,109,2,13089500.00
CUS000512,108,8,78952000.00
CUS000513,96,7,134931000.00
CUS000514,106,4,44373000.00
CUS000515,219,3,25708500.00
CUS000516,179,1,13304000.00
CUS000517,101,7,106001500.00
CUS000518,122,1,10910000.00
CUS000519,99,2,7763000.00
CUS000520,136,1,12828500.00
CUS000521,100,6,83612500.00
CUS000522,115,3,60102000.00
CUS000523,118,5,71226000.00
CUS000524,107,4,54781500.00
CUS000525,101,8,90510000.00
CUS000526,126,4,51230000.00
CUS000527,183,2,5179500.00
CUS000528,104,7,79321000.00
CUS000529,109,3,25541000.00
CUS000530,115,2,13850000.00
CUS000531,113,9,84969500.00
CUS000532,218,3,32628000.00
CUS000533,131,4,56949500.00
CUS000534,183,3,23577000.00
CUS000535,201,2,38127500.00
CUS000536,117,2,8290000.00
CUS000537,163,2,37327000.00
CUS000538,121,4,73160000.00
CUS000539,155,3,78750000.00
CUS000540,107,3,49337500.00
CUS000541,92,5,51495500.00
CUS000542,154,3,53184500.00
CUS000543,98,6,92219500.00
CUS000544,96,3,23683500.00
CUS000545,91,7,123374000.00
CUS000546,184,3,29157500.00
CUS000547,128,4,38123500.00
CUS000548,155,2,31826500.00
CUS000549,91,3,24469000.00
CUS000550,146,6,93462500.00
CUS000551,122,5,73662500.00
CUS000552,154,5,93610000.00
CUS000554,91,3,48067500.00
CUS000555,219,1,1270000.00
CUS000556,137,2,38918000.00
CUS000557,119,4,34286000.00
CUS000558,173,7,94407000.00
CUS000560,108,5,61806000.00
CUS000561,163,5,38722500.00
CUS000562,91,2,15558500.00
CUS000563,167,1,15537000.00
CUS000564,253,1,14295500.00
CUS000565,137,3,54103000.00
CUS000566,127,4,35420500.00
CUS000567,130,2,21029000.00
CUS000568,94,8,150558500.00
CUS000569,127,4,37561000.00
CUS000570,148,4,54373500.00
CUS000571,223,1,6917000.00
CUS000572,100,5,88370000.00
CUS000573,90,2,18057000.00
CUS000574,125,3,38229000.00
CUS000575,99,11,148920000.00
CUS000576,99,5,46405500.00
CUS000577,108,4,48116000.00
CUS000578,193,2,26580500.00
CUS000580,114,4,34742000.00
CUS000581,105,9,116220000.00
CUS000582,199,4,66608500.00
CUS000583,98,6,96204000.00
CUS000584,153,4,44281000.00
CUS000585,140,2,31404500.00
CUS000586,102,4,27414500.00
CUS000587,182,2,43983000.00
CUS000588,143,3,34607000.00
CUS000589,117,7,76008500.00
CUS000590,167,7,55068000.00
CUS000591,96,7,118394000.00
CUS000592,103,5,74781000.00
CUS000593,185,2,30982000.00
CUS000594,199,1,7780000.00
CUS000596,104,7,80315000.00
CUS000597,116,4,42769000.00
CUS000598,184,3,31924000.00
CUS000599,91,5,87229500.00
CUS000600,101,4,47681000.00
CUS000601,177,5,67439000.00
CUS000602,108,5,37710000.00
CUS000603,97,3,34059000.00
CUS000604,121,2,4636000.00
CUS000605,95,1,8243000.00
CUS000606,152,4,66634000.00
CUS000607,151,3,57918000.00
CUS000608,143,5,64355000.00
CUS000609,208,4,74051000.00
CUS000610,98,2,19859500.00
CUS000611,92,3,10714000.00
CUS000612,108,6,62912500.00
CUS000613,155,3,31033000.00
CUS000614,137,2,27603000.00
CUS000615,158,5,41077500.00
CUS000617,124,6,88380000.00
CUS000618,103,4,34834500.00
CUS000619,162,3,36162000.00
CUS000620,124,6,64544500.00
CUS000621,99,5,123944500.00
CUS000622,128,3,37463000.00
CUS000623,106,2,12979000.00
CUS000624,115,1,16580500.00
CUS000626,202,2,22434500.00
CUS000627,97,2,19315500.00
CUS000628,135,2,23387000.00
CUS000629,93,3,31881500.00
CUS000630,205,2,31123000.00
CUS000631,110,6,69963500.00
CUS000632,128,2,26190000.00
CUS000633,166,3,34583500.00
CUS000634,236,1,5499000.00
CUS000635,121,4,52471500.00
CUS000636,147,4,47907500.00
CUS000637,94,3,31448500.00
CUS000638,166,5,71160000.00
CUS000639,153,4,31855000.00
CUS000640,111,6,92746500.00
CUS000641,110,4,38009500.00
CUS000642,116,5,59639500.00
CUS000643,98,5,51755000.00
CUS000644,94,3,47530000.00
CUS000645,108,6,74426500.00
CUS000646,132,9,150469500.00
CUS000647,198,2,38357000.00
CUS000648,104,3,57313500.00
CUS000649,91,5,100552500.00
CUS000650,117,2,18670500.00
CUS000651,225,1,2060000.00
CUS000652,132,5,53526500.00
CUS000653,114,3,42380500.00
CUS000654,118,3,25084500.00
CUS000655,145,3,49916000.00
CUS000656,173,4,80287000.00
CUS000657,112,3,33492500.00
CUS000658,113,4,33257000.00
CUS000659,169,4,46984000.00
CUS000660,177,4,54878000.00
CUS000661,129,3,58155500.00
CUS000662,121,3,48471000.00
CUS000663,165,3,31915000.00
CUS000664,136,6,76743000.00
CUS000665,201,1,6793000.00
CUS000666,99,8,98024500.00
CUS000667,108,3,20701500.00
CUS000668,98,2,34237000.00
CUS000669,163,4,35175500.00
CUS000670,235,2,13631000.00
CUS000671,122,4,80418500.00
CUS000672,118,4,30422000.00
CUS000673,95,8,70231500.00
CUS000674,98,4,68082500.00
CUS000675,144,7,81582500.00
CUS000676,120,3,38628000.00
CUS000677,127,3,17712000.00
CUS000678,109,3,7878000.00
CUS000679,140,2,7360000.00
CUS000680,107,2,10009000.00
CUS000681,171,4,51006500.00
CUS000682,125,4,30882500.00
CUS000683,96,5,65544500.00
CUS000684,104,2,34567000.00
CUS000685,156,1,9435000.00
CUS000686,124,3,29810000.00
CUS000687,116,4,27491000.00
CUS000688,104,3,44561000.00
CUS000689,123,4,48915000.00
CUS000690,186,3,49692500.00
CUS000691,115,3,50449500.00
CUS000692,123,3,43240500.00
CUS000693,146,6,54812500.00
CUS000694,146,1,3723000.00
CUS000695,162,2,18991000.00
CUS000696,98,6,93667500.00
CUS000697,207,3,16500000.00
CUS000698,107,6,64992500.00
CUS000699,103,7,103404000.00
CUS000700,109,4,25413500.00
CUS000701,130,4,26415000.00
CUS000702,154,2,13564500.00
CUS000703,113,4,56563500.00
CUS000704,116,6,67921000.00
CUS000705,92,10,95530000.00
CUS000706,161,6,91996000.00
CUS000707,123,5,66046500.00
CUS000708,98,2,13972500.00
CUS000709,131,2,14973000.00
CUS000710,99,4,45178000.00
CUS000711,121,3,44971500.00
CUS000712,164,5,35287500.00
CUS000713,215,3,21039000.00
CUS000714,135,4,72173500.00
CUS000715,92,4,59301500.00
CUS000716,178,3,32053500.00
CUS000717,137,2,19695500.00
CUS000718,107,5,82124500.00
CUS000719,120,2,23473500.00
CUS000720,91,5,69260500.00
CUS000721,147,3,29360500.00
CUS000722,148,4,72084000.00
CUS000723,110,6,83430000.00
CUS000724,103,4,37781000.00
CUS000726,137,4,59146500.00
CUS000727,160,4,47103500.00
CUS000728,100,4,52006000.00
CUS000729,142,4,39105000.00
CUS000730,106,7,133204500.00
CUS000731,135,4,31147000.00
CUS000732,257,2,36948000.00
CUS000733,213,2,37697000.00
CUS000734,115,2,50025500.00
CUS000735,165,4,44309000.00
CUS000736,123,10,173654000.00
CUS000737,128,5,53660000.00
CUS000738,107,5,40975500.00
CUS000739,94,5,71099000.00
CUS000740,132,4,57359000.00
CUS000741,105,3,26180000.00
CUS000742,112,5,68771500.00
CUS000743,101,4,32855000.00
CUS000744,154,7,80801000.00
CUS000745,95,6,74075000.00
CUS000746,138,4,51927500.00
CUS000747,167,3,30022000.00
CUS000748,110,5,37697500.00
CUS000749,132,3,28904500.00
CUS000750,159,4,18438500.00
CUS000751,139,3,59758000.00
CUS000752,111,4,59732500.00
CUS000753,95,4,53779500.00
CUS000754,95,7,109939000.00
CUS000755,164,4,37134500.00
CUS000756,132,3,20374500.00
CUS000757,102,8,105001000.00
CUS000758,97,5,55691500.00
CUS000759,96,4,70992500.00
CUS000760,97,5,64555000.00
CUS000761,115,4,40808000.00
CUS000762,148,3,43756500.00
CUS000763,112,6,75485500.00
CUS000764,141,8,107997000.00
CUS000765,122,5,64676000.00
CUS000766,104,1,7300000.00
CUS000767,133,2,19844500.00
CUS000768,91,4,49271000.00
CUS000770,104,3,27698000.00
CUS000771,92,4,71597500.00
CUS000772,99,5,39964000.00
CUS000773,121,3,29842500.00
CUS000774,101,3,22211500.00
CUS000775,211,2,25613500.00
CUS000776,111,2,13206000.00
CUS000777,93,3,17682000.00
CUS000778,108,4,37443500.00
CUS000779,145,3,50196000.00
CUS000780,198,6,63965500.00
CUS000781,121,2,29616000.00
CUS000782,100,3,47601500.00
CUS000783,131,4,64884500.00
CUS000784,105,3,6959500.00
CUS000785,152,2,34981000.00
CUS000786,101,12,127610000.00
CUS000787,91,4,75719000.00
CUS000788,95,2,6969500.00
CUS000789,126,6,74250000.00
CUS000790,173,2,20918000.00
CUS000791,116,3,32442000.00
CUS000792,193,2,5768500.00
CUS000793,94,4,39554000.00
CUS000794,223,2,28273000.00
CUS000795,111,3,19578000.00
CUS000796,129,8,110051000.00
CUS000797,99,5,67713000.00
CUS000798,141,5,52210500.00
CUS000799,120,3,30336500.00
CUS000800,120,3,52998500.00
CUS000801,95,5,57494500.00
CUS000802,109,4,30362500.00
CUS000803,98,5,27090000.00
CUS000804,106,5,62627500.00
CUS000805,131,6,82153500.00
CUS000806,93,8,120604500.00
CUS000808,101,4,62866000.00
CUS000809,161,3,18989000.00
CUS000810,170,6,59143000.00
CUS000811,96,4,58690500.00
CUS000812,119,2,43472500.00
CUS000813,90,3,25079000.00
CUS000814,108,5,89704500.00
CUS000815,113,3,28584500.00
CUS000816,158,5,58884500.00
CUS000817,255,1,14467500.00
CUS000818,102,3,17396000.00
CUS000819,102,6,84210500.00
CUS000820,92,6,43411000.00
CUS000821,101,3,34060000.00
CUS000822,106,8,87880500.00
CUS000823,127,3,21641000.00
CUS000824,182,2,14817500.00
CUS000825,207,3,25735000.00
CUS000826,91,7,79753500.00
CUS000827,126,4,52043500.00
CUS000828,97,9,115262500.00
CUS000829,141,2,12417500.00
CUS000830,132,4,76640000.00
CUS000831,100,8,113363000.00
CUS000832,145,3,27761500.00
CUS000833,116,3,43630500.00
CUS000834,101,3,28235000.00
CUS000835,158,4,56727500.00
CUS000836,118,8,68596000.00
CUS000837,92,7,86848500.00
CUS000838,91,7,143993000.00
CUS000839,194,1,3006000.00
CUS000840,165,5,94926000.00
CUS000841,208,4,30078500.00
CUS000842,218,1,12316000.00
CUS000843,120,1,3393000.00
CUS000844,147,6,58989000.00
CUS000845,125,2,29259000.00
CUS000846,102,5,104500000.00
CUS000847,124,2,30239500.00
CUS000848,147,4,77045500.00
CUS000849,91,6,79641000.00
CUS000850,150,5,49935500.00
CUS000851,178,3,47103500.00
CUS000852,105,8,120052500.00
CUS000853,151,4,20007000.00
CUS000854,172,4,55482500.00
CUS000855,117,5,41424500.00
CUS000856,116,5,37722500.00
CUS000857,94,1,20801000.00
CUS000858,97,3,19964000.00
CUS000859,134,4,44860500.00
CUS000860,99,4,56961500.00
CUS000861,142,6,73548500.00
CUS000862,131,5,57450000.00
CUS000863,149,2,19700000.00
CUS000864,98,8,103506000.00
CUS000865,141,3,45268000.00
CUS000866,129,4,26535500.00
CUS000867,106,5,66294500.00
CUS000868,147,4,41194000.00
CUS000869,182,2,21402500.00
CUS000870,140,5,84061500.00
CUS000871,91,3,63375500.00
CUS000872,97,4,22207000.00
CUS000873,175,3,49873500.00
CUS000874,188,7,89450500.00
CUS000875,168,4,20321500.00
CUS000876,95,3,16775000.00
CUS000877,121,4,23644500.00
CUS000878,168,6,42621000.00
CUS000879,180,4,54008000.00
CUS000880,91,3,27812000.00
CUS000881,116,1,30297500.00
CUS000882,115,3,41366000.00
CUS000883,107,4,13753000.00
CUS000884,150,1,552500.00
CUS000885,112,9,97282500.00
CUS000886,96,5,65968500.00
CUS000887,166,3,70972000.00
CUS000888,102,2,24553500.00
CUS000889,94,4,40544000.00
CUS000890,107,7,90690000.00
CUS000891,121,6,85538500.00
CUS000892,96,2,13374000.00
CUS000893,103,6,81966500.00
CUS000894,112,4,32380500.00
CUS000895,108,5,65253500.00
CUS000896,100,3,45501000.00
CUS000897,112,3,45828000.00
CUS000898,115,6,77529500.00
CUS000899,93,4,24256000.00
CUS000900,103,4,40720500.00
CUS000901,138,3,42540000.00
CUS000902,125,7,123497000.00
CUS000903,143,4,35643500.00
CUS000904,121,5,78961500.00
CUS000906,101,4,55820000.00
CUS000907,124,3,24874000.00
CUS000908,200,3,44980500.00
CUS000909,124,3,17996000.00
CUS000910,145,3,32232000.00
CUS000911,159,3,22095500.00
CUS000912,108,3,25222500.00
CUS000913,134,2,20649000.00
CUS000914,130,8,40902500.00
CUS000915,166,5,54039500.00
CUS000916,117,4,43938000.00
CUS000917,216,1,17850000.00
CUS000918,244,1,5348500.00
CUS000919,100,3,27848000.00
CUS000920,142,6,143088000.00
CUS000921,146,2,12392000.00
CUS000922,114,6,78811000.00
CUS000923,171,2,22443000.00
CUS000924,220,2,33228000.00
CUS000925,112,5,61032000.00
CUS000926,98,6,87087500.00
CUS000927,105,3,26950000.00
CUS000928,113,4,40892000.00
CUS000929,146,1,9148000.00
CUS000930,103,8,80867500.00
CUS000931,93,5,68178500.00
CUS000932,156,3,24588000.00
CUS000933,181,1,8490000.00
CUS000934,128,2,34811500.00
CUS000935,100,5,56746500.00
CUS000936,102,6,83753000.00
CUS000938,130,3,58260000.00
CUS000939,121,7,80594500.00
CUS000940,108,5,87132500.00
CUS000941,101,4,48938500.00
CUS000942,158,4,62099000.00
CUS000943,108,3,7516500.00
CUS000944,152,4,60656500.00
CUS000945,91,9,90658500.00
CUS000946,91,6,71748500.00
CUS000947,127,3,34149000.00
CUS000948,220,1,2394000.00
CUS000949,190,2,14234000.00
CUS000950,174,2,2613500.00
CUS000951,119,4,42423500.00
CUS000952,102,3,21115000.00
CUS000953,111,2,19569000.00
CUS000954,131,4,48703000.00
CUS000955,116,2,27503000.00
CUS000956,137,3,54326000.00
CUS000957,101,5,88905000.00
CUS000958,100,5,92123500.00
CUS000959,91,5,67429500.00
CUS000960,167,6,74933500.00
CUS000961,128,5,49460500.00
CUS000962,141,1,25553000.00
CUS000963,94,5,67580500.00
CUS000964,173,4,53589000.00
CUS000965,100,6,51907000.00
CUS000966,93,6,77675000.00
CUS000967,107,2,22122000.00
CUS000968,96,3,36087000.00
CUS000969,141,4,38663000.00
CUS000970,96,4,34050000.00
CUS000971,154,1,10929000.00
CUS000972,170,4,46003500.00
CUS000973,148,4,39582500.00
CUS000975,163,2,24022500.00
CUS000976,133,2,29621500.00
CUS000977,151,4,34886000.00
CUS000978,98,6,63262000.00
CUS000979,96,3,15738000.00
CUS000980,123,3,26504500.00
CUS000981,167,3,47579500.00
CUS000982,170,1,14548000.00
CUS000983,194,3,34642000.00
CUS000984,121,3,43031500.00
CUS000985,146,7,82252500.00
CUS000986,98,5,59574500.00
CUS000987,113,2,26710000.00
CUS000988,130,6,62953000.00
CUS000989,174,4,76843500.00
CUS000990,116,2,13564000.00
CUS000991,101,3,27918000.00
CUS000992,103,1,16351500.00
CUS000993,138,5,55630000.00
CUS000994,105,5,80020000.00
CUS000995,106,5,41198000.00
CUS000996,102,5,54176000.00
CUS000997,137,2,33050500.00
CUS000998,188,3,49542000.00
CUS000999,125,8,89078500.00
CUS001000,112,2,30812000.00
